-0.47855425,-0.119598225,0.1860709,0.18947928,-0.088753,-0.38326952,0.33670425,0.1167621,-0.119351745,-0.185584,-0.04834505,0.59443927,1.8320634920634922,Gmaj
-0.30457866,-0.13939407,0.09453347,0.19978651,0.028948467,-0.35533834,-0.004946582,0.46334377,-0.0971338,-0.5292394,0.33262256,0.31139612,1.8320634920634922,Gmaj
-0.30595285,-0.15685154,0.05191666,0.1659454,0.05483508,-0.253617,-0.05660051,0.35507077,-0.15336893,0.006870477,-0.39671978,0.6884723,2.016825396825397,Gmaj
4.210745E-5,-0.21346207,0.14868045,-0.15498826,0.3469663,-0.17335859,-0.43855456,0.66074824,-0.16654885,-0.25713056,0.07668258,0.17092328,2.0168027210884354,Gmaj
-0.124126695,-0.29138806,0.17890841,-0.0047944523,0.13363203,-0.038766045,-0.44547322,0.51748365,0.08367302,-0.40751877,-0.055408865,0.4537791,2.016825396825397,Gmaj
0.20199546,-0.23978646,-0.2486366,0.18913342,0.37318432,-0.34516224,-0.2397923,0.27018258,0.27601257,-0.25190416,-0.36373228,0.37850547,2.0168027210884354,Gmaj
0.324263,-0.32484204,0.302646,-0.17880107,-0.12964608,0.37872985,-0.35199946,0.26633987,-0.3422123,0.37590805,-0.13848951,-0.18189642,2.47421768707483,Gmaj
-0.24739376,-0.33539632,0.5991966,-0.24265847,-0.18113261,0.26578417,-0.24432221,0.28118446,-0.15748186,-0.061187916,-0.04485927,0.36826727,3.692312925170068,Gmaj
0.26827833,-0.23576708,0.2742765,-0.14814049,-0.15623751,0.20440844,0.040175285,0.0036958547,-0.45824042,0.63662475,-0.22226004,-0.20681359,1.8461451247165532,Gmaj
-0.23799194,-0.34036362,0.69995075,-0.28420207,-0.13571016,-0.05810618,0.23945642,0.10254511,-0.33980167,0.041872237,0.13207184,0.18027936,1.6,Gmaj
0.5467142,-0.43615395,0.15359262,-0.078814805,0.0043411003,0.2893948,-0.46749488,0.28032285,-0.08260843,0.15682422,-0.15363777,-0.21247995,1.5999773242630386,Gmaj
-0.17274545,-0.21290502,0.5202238,-0.26891282,-0.27915764,0.4813268,-0.2865014,0.15741545,-0.2178215,0.21232545,-0.1545869,0.22133912,1.5999773242630386,Gmaj
-0.09289207,-0.15844138,0.2937364,-0.3231162,0.30070537,-0.25992638,0.1877031,-0.036417626,-0.20066783,0.4213612,-0.48703736,0.35499272,1.6,Gmaj
-0.17683841,-0.37224177,0.5913885,-0.2525378,-0.040034715,0.02392099,-0.11469062,0.3872544,-0.3791321,0.08748956,-0.064160824,0.30958265,1.6216326530612244,Gmaj
-0.24859154,-0.23338644,0.21868123,0.038377367,0.03921516,-0.1117483,-0.29452324,0.6275436,-0.2834587,-0.14513622,-0.08739637,0.4804235,1.616439909297052,Gmaj
-0.12711965,-0.26261127,0.21250203,-0.033651073,0.09834622,-0.037854485,-0.4006102,0.6447237,-0.3034838,-0.03526361,-0.1585231,0.4035452,1.6216326530612244,Gmaj
-0.2519413,-0.3057889,0.37062767,-0.056732822,0.012529335,-0.076704174,-0.24493533,0.5641432,-0.2819408,-0.13766886,-0.056849938,0.4652619,1.6216326530612244,Gmaj
-0.25255665,-0.30581725,0.37081364,-0.056690738,0.012351594,-0.07673376,-0.24445736,0.56330705,-0.28122061,-0.13769248,-0.057662122,0.4663586,2.4489795918367347,Gmaj
0.08683792,-0.21137854,0.24449809,-0.20822513,0.08794988,0.10819969,-0.30249938,0.43513337,-0.49637118,0.45181218,-0.2911543,0.09519754,2.4440589569160998,Gmaj
0.048568662,-0.20309049,0.17856933,-0.11304726,0.104651205,0.03627699,-0.37851003,0.6116207,-0.5125008,0.27860993,-0.1679158,0.116767645,2.4489795918367347,Gmaj
-0.29506755,-0.26212698,0.26194456,0.06893043,0.017274221,-0.22487795,-0.11826253,0.5626349,-0.33171052,-0.12261892,-0.06603846,0.5099189,2.4489569160997733,Gmaj
-0.20670152,-0.44374666,0.5261706,-0.15432051,0.030680256,-0.108694814,-0.031255577,0.12895645,0.17516318,-0.3881294,-0.025470182,0.49734822,1.8320634920634922,Gmaj
-0.21916297,-0.15275134,0.017379524,0.17053592,0.10004816,-0.26234996,-0.11083641,0.2780244,0.27194712,-0.68645746,0.22804625,0.36557692,1.8320634920634922,Gmaj
-0.2268668,-0.36027363,0.4851784,-0.13950972,-0.0042409794,-0.04180729,-0.20750833,0.5089254,-0.2917206,-0.12125895,-0.0012131414,0.40029567,2.016825396825397,Gmaj
0.085398436,-0.5257236,0.40535665,-0.05423488,0.042774986,-0.053257532,-0.2564065,0.32921392,0.16783631,-0.5198882,0.18576746,0.19316289,2.0168027210884354,Gmaj
-0.20377716,-0.397538,0.5921293,-0.21947531,-0.03099837,-0.006556906,-0.14623724,0.42035004,-0.27780932,-0.10698184,0.041954193,0.33494055,2.016825396825397,Gmaj
-0.2033409,-0.399914,0.60317165,-0.22854307,-0.034956064,-0.001955468,-0.13656935,0.40609178,-0.271435,-0.10670616,0.04074627,0.3334103,2.0168027210884354,Gmaj
-0.29612172,-0.14951195,0.034310866,0.12922172,0.067766756,-0.099674985,-0.25689995,0.2917292,0.19035743,-0.2994009,-0.3084894,0.6967131,2.47421768707483,Gmaj
-0.34920117,-0.18182586,0.10700677,0.22828102,0.008086381,-0.41609785,0.14387374,0.40366912,-0.3231013,-0.07259508,-0.100246325,0.5521505,3.692312925170068,Gmaj
-0.25977865,-0.43748435,0.6283883,-0.19333956,-0.046240848,-0.12545358,0.1465818,0.041968595,0.028774654,-0.22648428,-0.020817356,0.46388528,1.8461451247165532,Gmaj
-0.20514083,-0.34404054,0.6194656,-0.25963566,-0.069200784,0.016697558,-0.079626,0.3984688,-0.4000337,-0.010490577,0.13169974,0.20183647,1.6,Gmaj
-0.23123914,-0.26232988,0.31784824,-0.039813824,0.03427199,-0.06800013,-0.3067467,0.5530903,-0.08959051,-0.45578608,0.23404601,0.31424984,1.5999773242630386,Gmaj
-0.31245843,-0.30198047,0.40289405,-0.0053329146,-0.012528669,-0.24219646,0.008374265,0.39585465,-0.11451595,-0.459833,0.283619,0.35810378,1.5999773242630386,Gmaj
-0.21350409,-0.38885763,0.61771953,-0.24409692,-0.03731763,0.014598745,-0.13751748,0.33350137,-0.10398726,-0.3206634,0.21354106,0.26658374,1.6,Gmaj
0.09730546,-0.37548992,0.29038584,-0.21603721,0.19831844,0.12740596,-0.5548788,0.43573678,0.0903299,-0.2024675,-0.17991878,0.2893097,1.6216326530612244,Gmaj
-0.33675152,-0.27630782,0.3660701,-0.037379026,-0.030858941,-0.16732213,0.1452689,0.04081347,-0.03662855,0.04094486,-0.39124954,0.6834002,1.616439909297052,Gmaj
-0.2058704,-0.16621196,0.0057736314,0.17728645,0.10339487,-0.30710015,-0.06563694,0.45971116,-0.3156845,0.11891498,-0.37398294,0.56940573,1.6216326530612244,Gmaj
-0.19752605,-0.15058276,-0.020064903,0.113327555,0.117785476,-0.061965454,-0.3377948,0.26807934,0.32788995,-0.41265413,-0.259767,0.61327267,1.6216326530612244,Gmaj
-0.2577578,-0.2408595,0.21818525,0.083088644,0.032013223,-0.21476652,-0.17853235,0.6268611,-0.36093593,-0.12627055,-0.030379603,0.44935405,2.4489795918367347,Gmaj
-0.24653886,-0.23553285,0.21602517,0.038031302,0.04275891,-0.1102379,-0.29847234,0.62782645,-0.28448567,-0.1421455,-0.08656754,0.47933882,2.4440589569160998,Gmaj
-0.25266498,-0.30577523,0.3708601,-0.056030348,0.012215068,-0.07740634,-0.24463856,0.5637987,-0.2818077,-0.13736394,-0.05662864,0.46544182,2.4489795918367347,Gmaj
-0.25273558,-0.30576608,0.3708416,-0.05599888,0.012206063,-0.077419885,-0.24460319,0.56372255,-0.2817299,-0.13736327,-0.056725707,0.4655723,2.4489569160997733,Gmaj
0.11862346,-0.22039378,-0.20135431,0.5471554,-0.3086769,0.052619837,-0.311696,0.54522616,-0.1941384,-0.21976316,0.11140211,0.08099563,1.0720181405895692,Gmaj
0.11080179,-0.1393244,-0.023777781,-0.013924713,0.1462213,-0.091634065,0.10396227,-0.45936197,0.7202642,-0.41160706,-0.08493326,0.14331354,1.079002267573696,Gmaj
-0.32178596,0.091273755,-0.1490731,0.19801562,-0.13710111,0.16225627,-0.15707718,-0.14898995,0.46661916,-0.24881843,-0.33869994,0.5833808,0.5820181405895691,Gmaj
-0.046313435,0.19812907,-0.5003779,0.55078363,-0.19356233,-0.04545834,-0.19413719,0.45935223,-0.24224466,-0.14491633,0.1897119,-0.03096667,1.0619954648526078,Gmaj
0.029834805,-0.09615818,-0.30450448,0.5268913,-0.23855229,-0.033806536,0.01835247,-0.1537397,0.5061597,-0.47597715,-0.01217327,0.23367333,1.1590022675736962,Gmaj
0.047775712,-0.18434687,-0.07837754,0.31228086,-0.049725328,-0.15293373,-0.26430234,0.67707133,-0.31385395,-0.31330726,0.33037755,-0.01065843,0.5410204081632654,Gmaj
-0.33059338,0.081704445,-0.24242958,0.3298686,-0.04412515,-0.16148211,0.054946788,-0.08436317,0.38735554,-0.3389418,-0.2459633,0.59402305,1.1029931972789115,Gmaj
-0.12972118,-0.12661831,-0.16522896,0.348722,-0.10971136,-0.04080221,-0.0415926,-0.13714936,0.50612974,-0.34467465,-0.31560546,0.5562523,1.0650113378684807,Gmaj
0.49730617,-0.32829174,-0.16044402,0.3619995,-0.25898957,0.11374856,0.09155809,-0.33075777,0.25489816,0.20732348,-0.42648944,-0.021861535,1.1449886621315193,Gmaj
-0.30285242,-0.22206867,0.21919604,0.19695595,-0.26144835,0.09141125,-0.288609,0.5488656,-0.22097756,-0.2613131,0.06558048,0.43525976,1.0409977324263038,Gmaj
0.11732585,-0.20916902,-0.23841637,0.39448518,-0.093987465,-0.025688171,-0.06383141,-0.1896152,0.57940716,-0.3455706,-0.29605016,0.37111026,1.0780045351473924,Gmaj
0.08497625,-0.011535108,-0.53245765,0.6440397,-0.15305123,-0.08506607,-0.17390954,0.20007399,0.19028766,-0.23954687,-0.18203981,0.25822872,1.0809977324263038,Gmaj
0.029783297,-0.33406833,0.2227184,-0.11345516,0.16990767,0.051809154,-0.47284448,0.35711452,0.2943834,-0.5290988,0.053810354,0.26993993,1.8320634920634922,Gmaj
-0.024927856,-0.431542,0.4877768,-0.2499581,0.090355836,0.0790686,-0.3396191,0.29769653,0.171686,-0.43339476,0.09039719,0.26246086,1.8320634920634922,Gmaj
0.05849116,-0.3105893,0.18740615,-0.10504628,0.18825126,0.044588227,-0.5623543,0.62408835,-0.11011362,-0.18171847,-0.07729869,0.24429552,2.016825396825397,Gmaj
-0.25776386,-0.26547363,0.26231828,-0.033562627,0.05189531,-0.038861595,-0.27574387,0.428616,-0.13139498,-0.035025414,-0.3358193,0.63081574,2.0168027210884354,Gmaj
-0.033089887,-0.39467737,0.40146917,-0.17322935,0.1071094,0.029422045,-0.40871972,0.48807153,0.014889993,-0.3963549,0.11053384,0.25457528,2.016825396825397,Gmaj
-0.13555096,-0.41587237,0.5077957,-0.25088653,0.060944997,0.08419488,-0.28009063,0.24948572,0.075853735,-0.16701064,-0.22910646,0.5002425,2.0168027210884354,Gmaj
-0.06952324,-0.42027304,0.5239504,-0.22965258,0.050847903,0.029971274,-0.3086226,0.4792437,-0.14020404,-0.27449062,0.13746846,0.22128433,2.47421768707483,Gmaj
-0.15805578,-0.2823868,0.2159141,6.053441E-4,0.098364346,-0.068417884,-0.40625545,0.61732227,-0.11555289,-0.3002559,-0.029960897,0.42867965,3.692312925170068,Gmaj
-0.1553111,-0.39649555,0.4493214,-0.17778364,0.06277043,0.032823283,-0.28657562,0.27397504,0.18783222,-0.40121272,-0.061501168,0.47215745,1.8461451247165532,Gmaj
-0.32076356,-0.20972686,0.3301101,-0.043282393,-0.023412444,-0.07400222,-0.18532757,0.5691557,-0.4220165,-0.007928373,-0.056252908,0.4434469,1.6,Gmaj
-0.20578562,-0.39426473,0.49245197,-0.16413434,0.026507542,-0.008321827,-0.25534275,0.41731903,-0.06275258,-0.2721953,-0.03538115,0.46189994,1.5999773242630386,Gmaj
-0.25800803,-0.26527768,0.2619728,-0.033224933,0.051866584,-0.039042793,-0.27563572,0.42850226,-0.1310505,-0.03538792,-0.33583343,0.6311193,1.5999773242630386,Gmaj
-0.25836986,-0.2636299,0.26697975,-0.04047467,0.048574436,-0.033240907,-0.26500556,0.41011903,-0.13393421,-0.009515523,-0.3567999,0.6352974,1.6,Gmaj
-0.2577323,-0.2654225,0.26201835,-0.033335768,0.05201599,-0.038964007,-0.27601603,0.42885885,-0.13109314,-0.035578623,-0.33559075,0.63083994,1.6216326530612244,Gmaj
-0.2580351,-0.26562864,0.2627293,-0.033725046,0.05173066,-0.0388277,-0.2753438,0.42799675,-0.13090105,-0.03527274,-0.3358604,0.6311376,1.616439909297052,Gmaj
-0.22842158,-0.27400464,0.20926979,-0.0072369576,0.085268065,-0.033661004,-0.30681315,0.2896072,0.23798363,-0.38731816,-0.21042073,0.62574756,1.6216326530612244,Gmaj
-0.067950785,-0.14105044,-0.09930817,0.08331226,0.19237596,-0.005084243,-0.49306503,0.39912304,0.17837927,-0.19428094,-0.39462063,0.5421698,1.6216326530612244,Gmaj
-0.2578241,-0.26540586,0.26227918,-0.03356713,0.051859748,-0.038825866,-0.27560315,0.42833346,-0.13128328,-0.0348187,-0.33611545,0.63097113,2.4489795918367347,Gmaj
-0.12368438,-0.47857887,0.62830216,-0.20862013,0.00802864,-0.13952999,-0.0034219832,0.32943878,-0.19168313,-0.2472117,0.20122947,0.22573105,2.4440589569160998,Gmaj
-0.2730259,-0.28068691,0.25229216,0.0027438456,0.05793841,-0.06891148,-0.29166433,0.4237626,0.027187148,-0.2880736,-0.18724434,0.62568235,2.4489795918367347,Gmaj
-0.18952878,-0.3155397,0.2824334,-0.03703828,0.08390833,-0.051065784,-0.36863574,0.53720856,-0.048311774,-0.31616843,-0.069334604,0.49207276,2.4489569160997733,Gmaj
-0.26686364,-0.18618071,0.0173494,0.17385373,0.096705645,-0.22235523,-0.12689395,0.20780417,0.27099368,-0.39945298,-0.2395828,0.6746227,1.8320634920634922,Gmaj
-0.2782799,-0.37892056,0.38556445,0.015072231,0.036778904,-0.26825735,-0.025843184,0.39089394,-0.10193603,-0.30244753,-0.021254504,0.5486297,1.8320634920634922,Gmaj
-0.16326335,-0.38726717,0.44673005,0.015550833,-0.0062836125,-0.46737728,0.39920083,0.1751022,-0.23062277,-0.23864248,0.24506629,0.21180652,2.016825396825397,Gmaj
-0.1815328,-0.21325363,-0.027005238,0.19776735,0.14950359,-0.2779314,-0.13458033,0.22019312,0.3272775,-0.5051221,-0.13431099,0.5789949,2.0168027210884354,Gmaj
-0.27845597,-0.3788096,0.38536665,0.015162037,0.036787707,-0.26814306,-0.02589525,0.39047027,-0.10127629,-0.30261075,-0.021717694,0.5491218,2.016825396825397,Gmaj
-0.362749,-0.3053111,0.34317002,0.07505361,-0.022784289,-0.3435564,0.21480471,0.16923374,-0.05577301,-0.2174483,-0.121739194,0.6270993,2.0168027210884354,Gmaj
-0.10364001,0.031289633,0.05815841,-0.059158698,-0.2656659,0.6414965,-0.52164626,0.032064892,0.14129287,0.13892522,-0.34868345,0.2555669,2.47421768707483,Gmaj
-0.17905883,-0.040257137,0.09135566,0.03940852,-0.21744604,0.42589903,-0.59663755,0.5136928,-0.18200086,-0.03627298,-0.078177065,0.2594944,3.692312925170068,Gmaj
-0.36451092,-0.05944605,0.14278279,-0.030888665,0.007755657,0.11262884,-0.4170939,0.4837435,-0.15190293,-0.044851683,-0.25424564,0.576029,1.8461451247165532,Gmaj
0.056415584,-0.38066125,0.5443805,-0.37854037,-0.025181476,0.37471965,-0.42885664,0.2263104,-0.027275011,0.012334778,-0.118816905,0.14517057,1.6,Gmaj
-0.24342237,-0.2862456,0.3221269,0.19666454,-0.531452,0.36463937,-0.12023273,0.04498446,0.04489471,-0.07878861,-0.19945776,0.4862891,1.5999773242630386,Gmaj
-0.19596945,-0.23758504,0.57346976,-0.40725222,-0.06418895,0.3680388,-0.36572686,0.22492689,-0.06218912,-0.029402275,-0.078965016,0.2748434,1.5999773242630386,Gmaj
-0.19309044,-0.23539206,0.55632704,-0.39971346,-0.054350555,0.36913985,-0.3882656,0.24631552,-0.07134196,-0.02676901,-0.07772173,0.27486244,1.6,Gmaj
-0.095378734,-0.45488608,0.70015407,-0.34655818,-0.027513562,0.077133134,-0.11514728,0.23934771,-0.120341904,-0.17431924,0.13493517,0.18257499,1.6216326530612244,Gmaj
-0.025056425,-0.41206855,0.56144357,-0.30519247,0.0422359,0.08680299,-0.27835578,0.44729146,-0.31127334,0.030808084,-0.025918607,0.18928312,1.616439909297052,Gmaj
-0.16951433,-0.38882273,0.5221037,-0.22450902,0.021699399,0.03681859,-0.23933981,0.40890014,-0.21823739,-0.01433804,-0.17378409,0.43902367,1.6216326530612244,Gmaj
-0.05141159,-0.40628904,0.5699689,-0.28868183,0.02364398,0.06363712,-0.24791425,0.4647865,-0.32858568,-0.01566211,0.03636512,0.1801428,1.6216326530612244,Gmaj
-0.098349415,-0.3674903,0.5169113,-0.20683083,0.0035109012,-0.0033379388,-0.22308148,0.5420256,-0.37689957,-0.10099775,0.15726209,0.15727736,2.4489795918367347,Gmaj
-0.058439862,-0.32787666,0.5004931,-0.24302083,-0.0046113776,0.03550295,-0.18463603,0.496583,-0.5084071,0.15805891,0.019158002,0.11719594,2.4440589569160998,Gmaj
-0.06520989,-0.22461091,0.20195642,-0.012961368,0.0687742,-0.07671404,-0.3570997,0.73002225,-0.42536253,-0.1168996,0.13738355,0.14072153,2.4489795918367347,Gmaj
-0.071608245,-0.3452028,0.5152547,-0.23744015,-0.0032563235,0.025189057,-0.19612059,0.51283413,-0.47347704,0.08189389,0.061120592,0.13081285,2.4489569160997733,Gmaj
0.4723973,-0.50519377,0.2415946,-0.08803958,-0.056648202,0.32853475,-0.38376436,0.06451509,0.11237886,0.17511447,-0.38599896,0.025109747,2.689002267573696,Gmaj
-0.16191778,-0.42165315,0.5240846,-0.06267969,-0.16061653,-0.0044858768,-0.07924802,0.42743793,-0.40273917,0.061891254,-0.08070374,0.36063018,2.6680045351473924,Gmaj
0.021351023,-0.20931928,0.35150555,0.09717992,-0.48574144,0.10038771,0.347624,0.028082153,-0.5069999,0.20178033,0.30622157,-0.25207174,1.5709977324263038,Gmaj
-0.22703901,-0.3452387,0.51834637,-0.17704013,-0.011782182,-0.012040777,-0.20284618,0.42184398,-0.09246079,-0.4008793,0.24712375,0.28201303,2.74,Gmaj
-0.16366021,-0.39970908,0.39314172,0.045635503,-0.24439453,0.22523127,-0.35400987,0.39339054,-0.026496945,-0.26441875,-0.04476106,0.44005132,0.6609977324263039,Gmaj
-0.21727702,-0.3745754,0.6731804,-0.2738995,-0.10565364,-0.052643485,0.20862521,0.07445893,-0.30909958,0.1534223,-0.084788814,0.30825064,1.4,Gmaj
-0.01566616,-0.21914601,0.41020703,-0.23772413,0.03519124,0.019806903,-0.22308603,0.52229226,-0.3892542,-0.16965587,0.43913487,-0.1720998,3.075986394557823,Gmaj
-0.32623294,-0.12474626,0.58906394,-0.42313766,0.047694027,-0.042587385,0.07868633,0.24748012,-0.46498963,0.17145415,0.077571325,0.16974416,2.74,Gmaj
0.2854601,-0.5139389,0.62219435,-0.35230988,-0.01842316,0.1253339,-0.078401044,0.12099373,-0.13798584,-0.025465233,0.19391431,-0.22137244,2.8240136054421767,Gmaj
-0.020398807,-0.2420915,0.35374293,-0.18099712,0.0182771,0.02790702,-0.21410176,0.53570634,-0.5916873,0.29578018,-0.066595174,0.08445785,1.753015873015873,Gmaj
-0.23017678,-0.40650007,0.2907006,0.31029388,-0.3724983,-0.056535844,0.1362801,0.112140946,-0.019588588,-0.16521244,-0.19930796,0.6004045,2.559002267573696,Gmaj
-0.344459,-0.31104338,0.32301736,0.045301065,0.011751686,-0.23174338,-0.015665794,0.3028452,-0.024669744,-0.258619,-0.15961392,0.66289884,1.8320634920634922,Gmaj
-0.22717682,-0.17888917,0.011455896,0.18927607,0.10404885,-0.31292865,-0.07638608,0.45560783,-0.28497273,0.0810243,-0.3506085,0.5895491,1.8320634920634922,Gmaj
-0.24078947,-0.35906303,0.3990132,-0.046354957,0.033738475,-0.21665488,-0.0074726283,0.38522497,-0.3121759,0.05703694,-0.23818111,0.5456784,2.016825396825397,Gmaj
-0.23900995,-0.18059619,0.019426873,0.1956664,0.095802315,-0.33868763,-0.018680686,0.410874,-0.2797158,0.094801284,-0.3608175,0.60093695,2.0168027210884354,Gmaj
-0.25945064,-0.21719405,0.02467535,0.2257362,0.10976573,-0.33477533,-0.12855126,0.45292726,-0.010614558,-0.34824473,-0.10984293,0.5955689,2.016825396825397,Gmaj
-0.22226702,-0.42790854,0.5963765,-0.19517258,-0.017563736,-0.118057765,0.04729569,0.25365722,-0.26586202,0.039115343,-0.13851286,0.44889978,2.0168027210884354,Gmaj
0.014511269,0.112362415,0.0361857,-0.27295312,0.050784953,0.5113728,-0.7058698,0.37352017,-0.054914087,0.032951795,-0.0316281,-0.06632397,2.47421768707483,Gmaj
-0.20638844,-0.097112186,0.06353851,0.09792923,-0.07548504,0.15090069,-0.5120335,0.65195733,-0.25986925,-0.09547844,-0.085063875,0.36710492,3.692312925170068,Gmaj
-0.1213206,-0.11228322,-0.017099708,0.069399334,0.0012776138,0.23687391,-0.56832343,0.3005379,0.33976355,-0.39741358,-0.17286472,0.4414529,1.8461451247165532,Gmaj
-0.11576265,-0.013757385,0.02078452,-0.114702396,0.09080601,0.32361725,-0.69626534,0.43602794,0.12717278,-0.20523189,-0.16696663,0.31427783,1.6,Gmaj
0.5078085,-0.15440676,-0.06705762,0.032202013,0.047693223,-0.14237326,0.24506678,-0.084747866,-0.35298532,0.49442506,-0.022213925,-0.5034108,1.5999773242630386,Gmaj
0.07702499,-0.19852631,0.13138843,0.15613621,-0.07110306,-0.33766156,0.2752272,0.33191052,-0.5430453,-0.012382158,0.47939673,-0.2883656,1.5999773242630386,Gmaj
-0.15595871,-0.070474744,0.023422595,0.058581278,-0.04112057,0.23206975,-0.5397698,0.34969863,0.3007749,-0.5618548,0.13327855,0.27135292,1.6,Gmaj
-0.17840451,-0.3255283,0.47846735,-0.18123087,-0.012262678,-0.003469343,-0.17894408,0.48895615,-0.4309797,0.11364148,-0.11328341,0.34303787,1.6216326530612244,Gmaj
-0.15903114,-0.27414846,0.21148169,0.008846807,0.09292642,-0.07745017,-0.40074757,0.6409157,-0.16160923,-0.27381113,-0.016495666,0.40912265,1.616439909297052,Gmaj
-0.16584085,-0.39256054,0.51939285,-0.22624391,0.026853388,0.03991001,-0.24487124,0.40772092,-0.21878739,-0.009464192,-0.17313562,0.4370265,1.6216326530612244,Gmaj
-0.19561833,-0.3998554,0.49612552,-0.17011821,0.030727383,-0.0034622836,-0.26276112,0.41112924,-0.046082247,-0.28524446,-0.026033869,0.45119378,1.6216326530612244,Gmaj
0.04328666,-0.36253414,0.19339162,0.044733737,0.08885662,-0.107470244,-0.37348744,0.70064497,-0.33483893,-0.10641322,-0.017883964,0.23171432,2.4489795918367347,Gmaj
-0.24084856,-0.2573606,0.20852016,0.034615498,0.067876264,-0.09315416,-0.33935508,0.5608877,-0.103402235,-0.25935128,-0.12179471,0.5433671,2.4440589569160998,Gmaj
-0.25666198,-0.23323104,0.22062995,0.04015541,0.03667868,-0.11322354,-0.28878558,0.6182079,-0.2751502,-0.14542262,-0.096651986,0.49345508,2.4489795918367347,Gmaj
-0.042761385,-0.38679734,0.19219513,0.063393384,0.10211711,-0.10335228,-0.38553062,0.5735272,-0.06936204,-0.24484953,-0.16451606,0.46593645,2.4489569160997733,Gmaj
-0.18946022,-0.3136829,0.4094594,-0.17529353,0.1961498,-0.27534533,-0.104232386,0.5429164,-0.3561461,-0.10507717,0.04250008,0.32821193,1.1270068027210884,Gmaj
0.019969847,-0.49784747,0.47109982,-0.11418607,0.027191896,-0.052315548,-0.25313592,0.53885084,-0.2821412,-0.09899523,-0.021186009,0.26269507,4.571995464852607,Gmaj
-0.21852769,-0.041392524,0.04789722,-0.06984249,0.0683066,0.24780197,-0.58944976,0.37915835,0.154394,-0.20290925,-0.2723299,0.49689358,1.8320634920634922,Gmaj
0.17616327,-0.31312934,-0.074535124,0.05811706,0.47868028,-0.4826247,-0.2008287,0.4356521,0.052829996,-0.2423334,-0.16983597,0.28184453,1.8320634920634922,Gmaj
-0.09921573,-0.14430228,0.16853137,-0.278556,0.5026547,-0.32050374,-0.28131106,0.536394,-0.16833036,-0.12272483,-0.0915123,0.2988763,2.016825396825397,Gmaj
-0.16586609,-0.13606305,-0.026838923,0.012210841,0.43744206,-0.4903471,-0.12758254,0.43672606,0.0014241562,-0.28811634,-0.11896831,0.46597916,2.0168027210884354,Gmaj
-0.16540898,-0.09804734,0.005020558,0.003050709,0.39069968,-0.6281403,0.2638493,0.19473144,-0.21946535,0.11192083,-0.27371037,0.41549984,2.016825396825397,Gmaj
-0.07330559,-0.124450594,0.16564572,-0.2929601,0.47075316,-0.27593386,-0.26162553,0.52715605,-0.3076953,0.10153385,-0.203606,0.27448818,2.0168027210884354,Gmaj
0.034403265,-0.31678575,0.33112937,-0.07064598,-0.21323052,0.4215734,-0.54377687,0.4533724,-0.1669461,-0.012430047,-0.07643426,0.15977114,2.47421768707483,Gmaj
-0.050885458,0.017715571,0.108975135,-0.008384574,-0.43028396,0.7099956,-0.40681905,-0.12918563,0.30129883,-0.14561577,0.0409514,-0.007762055,3.692312925170068,Gmaj
0.17426433,0.16272266,-0.08385122,-0.14751972,0.049936507,0.1673148,-0.1724169,0.23779136,-0.55194896,0.60311776,-0.0919152,-0.34749517,1.8461451247165532,Gmaj
-0.13753518,0.033533156,0.068984374,-0.007630802,-0.13194656,0.23316619,-0.3633775,0.5469848,-0.5807328,0.34424114,-0.09329172,0.08760484,1.6,Gmaj
-0.0515618,-0.101391576,-0.0566192,0.044734173,0.04065755,0.23843035,-0.51136047,0.115584426,0.5222873,-0.45255277,-0.16658045,0.37837255,1.5999773242630386,Gmaj
-0.13483526,-0.076157175,0.0036625816,0.045631792,-0.049694125,0.28944603,-0.58881056,0.48417366,-0.12151651,0.065681726,-0.33567077,0.41808864,1.5999773242630386,Gmaj
-0.15084054,0.11063959,0.06751472,-0.1042303,-0.23121595,0.5559463,-0.44710305,0.19342151,-0.25206524,0.41048136,-0.30656356,0.15401511,1.6,Gmaj
-0.28452402,-0.27647132,0.25637078,0.009504972,0.049511444,-0.077610336,-0.28039488,0.42986098,0.006369706,-0.27361718,-0.18740292,0.62840277,1.6216326530612244,Gmaj
-0.34549758,-0.28178158,0.44430774,-0.11080684,-0.058709025,-0.03561514,-0.041575946,0.23343338,-0.17405684,0.062418994,-0.3198836,0.62776643,1.616439909297052,Gmaj
-0.27935335,-0.20570771,0.33663076,-0.11925181,-0.13587096,0.28212053,-0.29723173,0.14126013,0.050543573,0.0400977,-0.4185502,0.6053131,1.6216326530612244,Gmaj
-0.30302915,-0.26949772,0.34351987,-0.08603438,0.0012885066,-0.007985933,-0.1342764,0.1755717,0.015458727,-0.0028163537,-0.42516547,0.6929667,1.6216326530612244,Gmaj
-0.28672996,-0.33121148,0.4400451,-0.094287015,-0.011238754,-0.061500676,-0.18634568,0.46939945,-0.22809552,-0.1331183,-0.09451284,0.51759565,2.4489795918367347,Gmaj
-0.284501,-0.14307347,0.053312674,0.14432262,0.052242335,-0.14540501,-0.29140744,0.5868517,-0.20431052,-0.14638251,-0.18963048,0.56798106,2.4440589569160998,Gmaj
-0.32640287,-0.35159862,0.486424,-0.06976226,-0.041621905,-0.1725585,0.018178046,0.36619052,-0.2614931,-0.10570048,-0.06902053,0.52736574,2.4489795918367347,Gmaj
-0.24659878,-0.33409297,0.37492678,-0.06836913,0.036059894,-0.05655601,-0.2804638,0.4943906,-0.11324332,-0.24269186,-0.08802661,0.5246652,2.4489569160997733,Gmaj
0.011241703,-0.4312235,0.15056095,0.23538695,-0.23431844,0.20057577,-0.32478175,0.17990106,0.24773033,-0.23712471,-0.32608664,0.5281382,0.7760090702947846,Gmaj
-0.08774857,0.011016238,0.17940933,0.06477392,-0.5570758,0.5450004,-0.082983136,-0.01842532,-0.3551257,0.45038268,-0.098257646,-0.050966386,1.19,Gmaj
0.0057204654,-0.3131906,0.22042911,-0.024280455,0.037161384,-0.038468443,-0.20225248,0.4364072,-0.4239714,0.36049926,-0.42087242,0.36281845,0.9839909297052154,Gmaj
-0.5455991,0.051145576,0.11033812,0.30340764,-0.48996168,0.14036904,0.057610817,0.18517698,-0.2683551,-0.008203015,-0.011210473,0.47528112,1.0550113378684807,Gmaj
-0.14923932,-0.3484611,0.49409068,-0.19400136,-0.089361936,0.1536238,-0.22338377,0.34390226,-0.3124161,0.19884749,-0.2756608,0.40206024,0.9229931972789116,Gmaj
-0.11032095,-0.337356,0.48244974,0.017266966,-0.46322244,0.36392134,-0.19443509,0.3293817,-0.33391324,-0.014419034,0.1617785,0.09886861,0.9940136054421769,Gmaj
0.044593588,-0.46698752,0.27001554,0.12984934,-0.055306625,-0.09238352,-0.2744513,0.6382564,-0.3300553,-0.12893915,2.3934858E-4,0.2651693,1.9729931972789116,Gmaj
-0.40020394,0.059683193,-0.18209189,0.39651692,-0.09115605,-0.2673708,-0.003467199,0.4248652,-0.23919842,-0.1102442,-0.13356057,0.5462275,0.773015873015873,Gmaj
-0.13564742,-0.22844282,0.2663376,0.2767911,-0.4332967,-0.21064681,0.63036364,-0.18085933,-0.2830275,0.069666855,0.17977989,0.04898165,1.1840136054421768,Gmaj
0.28853825,-0.5912086,0.06811557,0.3001276,-0.04307599,-0.08761089,-0.2031743,0.19988051,0.23589103,-0.22718467,-0.3394046,0.399106,0.8139909297052155,Gmaj
0.2694855,-0.49164754,0.3637314,-0.13375545,-0.07272405,0.119520746,0.062741324,-0.15435463,-0.090787254,0.44220877,-0.49992853,0.1855099,1.0609977324263038,Gmaj
-0.20022662,0.0367649,0.32244754,-0.53536433,0.38187546,0.031215923,-0.39616403,0.4528046,-0.19425651,-0.07572332,0.08053625,0.0960902,1.0180045351473923,Gmaj
-0.2442254,-0.33085543,0.5098507,-0.19539067,0.15284857,-0.40613088,0.23481236,0.2687443,-0.31582212,-0.05684356,0.04872289,0.3342893,0.9109977324263039,Gmaj
-0.24932204,0.001955327,0.071256585,-0.12945771,0.2996293,-0.1765792,-0.36807945,0.6743887,-0.32851428,-0.10390495,0.015724435,0.2929031,3.9429931972789114,Gmaj
-0.47690475,-0.19546211,0.52244854,-0.14205559,-0.15807496,-0.032035656,0.1318678,0.111837335,-0.19477202,0.02207009,-0.15667221,0.5677535,1.4039909297052153,Gmaj
-0.10119178,-0.37768266,0.5483624,-0.22834492,-0.0059951018,0.0060160086,-0.20177348,0.5115058,-0.36427492,-0.10008862,0.15504785,0.1584196,1.2629931972789115,Gmaj
-0.2548682,-0.3119558,0.38814867,-0.0677152,0.007453632,-0.07243692,-0.2347702,0.5509711,-0.2763962,-0.13819462,-0.058790617,0.46855438,2.9489795918367347,Gmaj
-0.13668957,-0.30901587,0.23746443,0.105520956,-0.047887906,-0.09488364,-0.27880627,0.6787557,-0.37331277,-0.15125209,0.04751537,0.32259166,1.0219954648526077,Gmaj
-0.13447993,-0.25758934,0.10095201,0.21594018,-0.054194886,-0.122320525,-0.2917733,0.6945112,-0.35127553,-0.15858634,0.0055609825,0.35325554,1.06,Gmaj
0.01809176,-0.21989492,0.029275686,0.08844228,0.18568733,-0.22801386,-0.33556315,0.74410635,-0.37025926,-0.14915264,0.08411896,0.1531613,3.2960090702947844,Gmaj
-0.21228243,-0.33813208,0.58278024,-0.25476262,-0.06557221,0.035946567,-0.036373343,0.26179096,-0.3591395,0.21266603,-0.20623255,0.37931088,0.7160090702947846,Gmaj
-0.17300846,-0.3178822,0.45232698,-0.27164733,0.21667941,-0.1521666,-0.2242804,0.5164056,-0.25339395,-0.12595937,-0.017997732,0.3509242,2.6170068027210887,Gmaj
-0.02253295,-0.2424941,0.3548488,-0.17899504,0.01725271,0.025752114,-0.21347453,0.53614885,-0.5918101,0.29505432,-0.064851455,0.08510144,1.7550113378684806,Gmaj
-0.2580873,-0.2592839,0.4815163,-0.16550508,-0.09087432,-0.07843723,0.20073715,0.07938833,-0.3605361,0.33976895,-0.32793164,0.4392449,1.8839909297052153,Gmaj
-0.25507233,-0.31197736,0.38794422,-0.06710307,0.0075197667,-0.0729302,-0.23504987,0.55118716,-0.27665642,-0.13779582,-0.058305006,0.46823886,0.72,Gmaj
-0.28401512,-0.20562465,0.25432584,0.030531393,0.006071783,-0.12120118,-0.25771815,0.64579666,-0.30633327,-0.25258127,0.11273275,0.37801525,0.7229931972789115,Gmaj
-0.1684448,-0.3376527,0.4394953,-0.123562165,0.011778451,-0.048005987,-0.2528174,0.59178704,-0.35576442,-0.121878125,0.07171127,0.29335353,1.0780045351473924,Gmaj
0.056521222,-0.4950542,0.2604732,0.08335069,0.109449916,-0.25063094,-0.2247193,0.58543766,-0.1749832,-0.25349337,-0.032461993,0.3361103,1.146984126984127,Gmaj
-0.22082207,-0.3506546,0.44534346,-0.0703942,-0.002237587,-0.17036688,-0.085718706,0.5410079,-0.39999408,-0.10382391,0.07111534,0.34654534,3.2460090702947846,Gmaj
-0.251159,-0.3544772,0.55563253,-0.20357853,-0.046080273,-0.0016284816,-0.09970338,0.35623494,-0.3052105,0.053823594,-0.15377237,0.4499187,0.743015873015873,Gmaj
0.12027982,-0.4864547,0.24366212,0.0057994043,0.12865555,-0.063323155,-0.41880763,0.53614306,-0.002648203,-0.28097025,-0.118586466,0.33625048,1.4490022675736962,Gmaj
-0.5306738,-0.008722082,0.2501386,0.075192496,-0.29383528,0.03577429,0.19326486,-0.06471455,-0.09133269,0.114004314,-0.31288707,0.6337908,0.7749886621315193,Gmaj
-0.10952636,-0.2088594,0.12185616,0.15944214,-0.17936489,0.13033313,-0.38105905,0.63502324,-0.43652073,0.08952799,-0.124761686,0.30390936,1.5029931972789117,Gmaj
-0.054420765,-0.28395593,0.24895877,0.061051417,-0.13208361,0.10146821,-0.3895314,0.6778175,-0.40007398,-0.11029318,0.13485354,0.14620939,1.4290022675736962,Gmaj
-0.05111031,-0.44555292,0.52193,-0.17977118,0.062436137,-0.12939768,-0.14544322,0.5182251,-0.3287073,-0.14465167,0.12254923,0.19949403,1.1059863945578232,Gmaj
0.3460469,-0.5309623,0.20427988,0.125413,-0.016237956,-0.06759592,-0.28823066,0.58162624,-0.31974587,-0.066680945,0.07717669,-0.04508906,2.659002267573696,Gmaj
-0.11382584,-0.24223663,0.087975465,0.18932956,-0.023716189,-0.11479525,-0.31816497,0.7157337,-0.36762646,-0.15135731,0.024214417,0.31446952,0.7350113378684807,Gmaj
-0.39083853,-0.24788569,0.37037912,0.042666025,-0.057149813,-0.26024947,0.053090837,0.44805375,-0.30285963,-0.23950359,0.13021845,0.45407856,0.6980045351473922,Gmaj
-0.07956453,-0.3383474,0.26808032,0.11990668,-0.07030481,-0.17718923,-0.1324936,0.65477604,-0.48260567,-0.11835356,0.17926838,0.17682736,1.1109977324263038,Gmaj
-0.17396869,-0.092531025,-0.08735766,0.28268415,0.11918346,-0.472245,-4.3970995E-4,0.59624684,-0.32152495,-0.2861158,0.20097071,0.23509774,1.077981859410431,Gmaj
0.17633612,-0.48712477,0.37072343,-0.12348878,0.10572795,-0.009143159,-0.38677517,0.5686771,-0.18361455,-0.21093635,0.10283261,0.07678552,3.36,Gmaj
-0.46378732,-0.18253115,0.5983299,-0.27729452,-0.080719225,0.016511088,-0.012497396,0.2486792,-0.17954648,-0.19873673,0.13373876,0.39785397,1.0609977324263038,Gmaj
-0.22192919,-0.28474095,0.31377217,-0.029539121,0.03187662,-0.08509014,-0.2851457,0.62096685,-0.31562728,-0.13568054,-0.028770588,0.41990784,1.4890022675736962,Gmaj
-0.055696905,-0.3219672,0.3227683,-0.09974842,0.0851524,-0.028554156,-0.38816962,0.6603404,-0.2790429,-0.22504655,0.13885546,0.19110909,1.4650113378684808,Gmaj
-0.16283877,-0.34025118,0.43823862,-0.13027903,0.016391544,-0.04135559,-0.25687554,0.5911442,-0.35518798,-0.12072878,0.068825014,0.29291752,1.1219954648526078,Gmaj
-0.3745811,-0.26470247,0.46636596,-0.21091346,0.119275555,-0.16558513,-0.0716593,0.31897533,-0.07508399,-0.23842669,-0.06284294,0.5591783,1.5259863945578231,Gmaj
-0.020319143,-0.4119053,0.52318615,-0.1579808,-0.13585083,0.18214014,-0.31959254,0.4819116,-0.25376818,-0.17829056,0.20379567,0.08667387,0.7960090702947846,Gmaj
-0.2028249,-0.35612294,0.6158039,-0.28050488,-0.06812605,0.04704735,-0.03095531,0.2515837,-0.33777708,0.17140387,-0.17067854,0.361151,1.603015873015873,Gmaj
-0.3678393,0.19148222,0.13409637,-0.407792,0.25689256,0.23076753,-0.45249063,0.14257601,0.2624295,-0.22257562,-0.16126484,0.39371824,1.5670068027210884,Gmaj
-0.29514465,-0.3034455,0.48471415,-0.13374844,-0.12556623,0.14038453,-0.27009436,0.41099304,-0.1860064,-0.10352461,-0.10302359,0.48446202,0.7619954648526077,Gmaj
-0.043757886,-0.11827215,0.22241369,-0.19498561,0.049374796,0.2493576,-0.5834981,0.6269192,-0.293998,-0.049927514,0.07977033,0.05660385,3.1409977324263036,Gmaj
-0.21615884,0.07269537,0.39436048,-0.5890452,0.32551643,-0.029114034,-0.09476009,0.25522387,-0.41675565,0.29823163,-0.03125496,0.031061077,1.5329931972789115,Gmaj
-0.59005237,0.041769695,0.27389005,-0.06303713,-0.15636547,0.15172559,-0.21620631,0.29916546,-0.07048303,-0.20455721,-0.0475023,0.581653,1.5180045351473923,Gmaj
-0.37464854,-0.10136298,0.1102124,0.10883194,-0.080746606,0.08207798,-0.37078923,0.41418573,0.07687834,-0.35698843,-0.10633527,0.59868467,0.8819954648526077,Gmaj
-0.22007686,-0.24900636,0.5382047,-0.21872608,-0.17520466,0.21814129,-0.2482999,0.4501293,-0.40693256,0.02449994,0.11163312,0.175638,0.7639909297052154,Gmaj
-0.2512507,-0.04108903,0.27626583,-0.40481564,0.45205227,-0.23141922,-0.24271332,0.4831384,-0.20667858,-0.10462375,-0.029249374,0.30038303,1.579002267573696,Gmaj
-0.13395803,-0.27894193,0.43139422,-0.31991377,0.23983593,-0.13061608,-0.1959852,0.4797399,-0.36756793,0.108887315,-0.15279537,0.3199209,0.8160090702947845,Gmaj
-0.1488552,-0.2909376,0.36942887,-0.20408583,0.20801374,-0.14964867,-0.28036162,0.60179085,-0.30283186,-0.12850904,0.009227444,0.31676894,1.553015873015873,Gmaj
-0.3563227,-0.02187726,0.47138414,-0.30926916,-0.27358767,0.52588546,-0.3285598,0.15182637,-0.101680666,0.008239143,-0.014397488,0.24835956,1.5549886621315192,Gmaj
-0.34122258,-0.21089703,0.37651297,-0.025386708,-0.17285362,0.03980628,-0.09066838,0.36770275,-0.36601645,0.1571138,-0.27188352,0.5377924,0.7270068027210884,Gmaj
-0.25104636,-0.34218606,0.530745,0.0019102044,-0.38194573,0.2196019,-0.1413511,0.33212328,-0.20109148,-0.24375968,0.22912194,0.24787803,1.5319954648526077,Gmaj
-0.4217604,-0.08490437,0.5482615,-0.33830366,-0.17432646,0.33980957,-0.23931432,0.22471826,-0.17138419,-0.02738427,0.003850623,0.34073773,0.7890022675736962,Gmaj
-0.40826994,-0.022863865,0.07096531,0.17768097,-0.20670418,0.13443033,-0.3353681,0.5016112,-0.20260929,-0.115866475,-0.13855918,0.5455533,0.75,Gmaj
-0.12400703,-0.28961587,0.52972966,-0.22220917,-0.11447304,0.15599626,-0.25863084,0.48381552,-0.33906218,-0.15713507,0.30267116,0.0329206,1.607981859410431,Gmaj
-0.054410834,-0.3203097,0.322345,-0.10200156,0.08474076,-0.02649836,-0.38758373,0.6612212,-0.27738804,-0.22863406,0.13568836,0.192831,1.5050113378684806,Gmaj
-0.028849067,-0.31292975,0.33489272,-0.13657843,0.082406715,8.400584E-4,-0.377646,0.6572235,-0.39662087,-0.032825015,0.039348975,0.17073706,1.490997732426304,Gmaj
-0.27481693,-0.3622958,0.61100143,-0.16715214,-0.18115343,0.07996645,-0.08663299,0.34966156,-0.30958265,-0.05275935,0.04387025,0.34989366,3.8549886621315195,Gmaj
-0.26069647,-0.22770812,0.5305258,-0.24566248,-2.1920966E-4,-0.08567851,-0.046433754,0.4723993,-0.47138426,-0.053660765,0.24507654,0.14344189,3.9880045351473923,Gmaj
-0.19121933,-0.31085178,0.4113305,-0.17573671,0.19284964,-0.27592888,-0.100332126,0.5429408,-0.35430074,-0.109192416,0.039471004,0.33097014,3.849002267573696,Gmaj
-0.32194632,-0.016603766,0.07890465,-0.03992795,0.14536119,-0.034461368,-0.44405362,0.63697994,-0.17097093,-0.25771892,0.015639486,0.4087976,0.9660090702947846,Gmaj
-0.4076054,0.23248553,0.32437786,-0.43388876,0.08753808,-0.067408785,0.3745595,-0.22984223,-0.319907,0.4117895,-0.051997434,0.07989916,5.780997732426304,Gmaj
-0.39832464,-0.017423416,0.60699844,-0.38350853,-0.23411036,0.26998585,0.042770516,0.067195326,-0.3365188,0.08409047,0.2645163,0.034328904,3.7640136054421767,Gmaj
0.27342924,-0.25961077,-0.11521814,-0.05564856,0.5108149,-0.2699796,-0.36453825,0.2836795,0.3001417,-0.25351667,-0.28812072,0.23856735,1.9080045351473922,Gmaj
-0.43804246,0.18096027,0.048212375,-0.047168653,-0.06071186,0.028422836,0.18400443,-0.41598985,0.47455916,-0.22494137,-0.21606454,0.48675972,0.9829931972789115,Gmaj
-0.43272763,0.2532503,0.27652454,-0.42730385,0.08134207,0.06295284,0.19429496,-0.24228753,-0.16116174,0.4338158,-0.3088366,0.270137,0.9640136054421768,Gmaj
0.185013,-0.42311844,0.5862024,-0.2655514,-0.20276305,0.20676813,0.064006686,0.014813606,-0.35784703,0.37094343,-0.05162283,-0.12684458,0.9080045351473923,Gmaj
-0.46047974,0.5099576,0.023965416,-0.43088564,0.14854872,0.25211614,-0.1459603,-0.08290245,-0.09577061,0.3460294,-0.25237998,0.18776137,1.024013605442177,Gmaj
-0.056708835,-0.16956198,0.51892966,-0.39323127,-0.19772995,0.45555657,-0.11323566,-0.13079517,-0.14192851,0.40734237,-0.2703273,0.091690145,0.9009977324263039,Gmaj
-0.053471215,0.28638083,0.004488739,-0.21356983,-0.1898097,0.51802856,-0.18291345,-0.12446344,-0.23598881,0.6023598,-0.28663594,-0.12440548,0.9759863945578231,Gmaj
-0.16390042,0.35914496,-0.046132736,-0.20293643,-0.06070914,0.1843472,0.30648094,-0.6597998,0.20113151,0.36390635,-0.24418843,-0.037343927,1.0320181405895692,Gmaj
-0.28915817,-0.23899214,0.29020444,-0.16043028,0.27734172,-0.33382353,0.062147696,0.08438417,0.17142545,-0.23993696,-0.25430828,0.63114583,0.933015873015873,Gmaj
