0.37241697,-0.61703914,0.4435688,-0.0848429,0.039445784,-0.15481357,-0.02955569,0.34964556,-0.3136851,0.014470374,0.11095852,-0.13056962,2.0168027210884354,Cmaj
0.37887368,-0.25160858,0.039681297,-0.26880807,0.59037256,-0.31733733,-0.2820501,0.40424994,-0.08698395,-0.02945456,-0.049636155,-0.12729876,2.0168027210884354,Cmaj
0.116549976,-0.5135829,0.283333,-0.0083269365,0.121364675,-0.06034116,-0.40271333,0.4891457,0.040968787,-0.29326233,-0.12010027,0.34696472,2.0168027210884354,Cmaj
0.48328987,-0.71500283,0.2863628,0.05899613,0.09378494,-0.22064264,0.041234605,-0.009695,0.21413673,-0.14259821,-0.18673898,0.09687261,2.0168027210884354,Cmaj
0.080216214,-0.14697827,-0.14491388,0.08755883,0.23078719,-0.010770486,-0.5613346,0.4784535,0.24383257,-0.48969686,0.017586552,0.2152592,9.896916099773243,Cmaj
0.08771175,-0.14447129,-0.15016042,0.08164856,0.23303461,-2.1875779E-4,-0.5526576,0.42637298,0.30434567,-0.51037276,0.006733816,0.21803342,4.9484580498866215,Cmaj
-0.027038386,-0.25436187,-0.06768933,0.27268803,0.19231604,-0.55234975,0.19689162,0.13890485,0.21469067,-0.5549878,0.17477275,0.26616302,4.946077097505669,Cmaj
0.17172639,-0.2666562,-0.08366521,0.14156295,0.17508142,-0.084780924,-0.48329264,0.65801275,-0.2335865,0.010681612,-0.24053451,0.23545086,1.6,Cmaj
0.5541059,-0.3388454,-0.14550374,0.052248176,0.3512399,-0.16487679,-0.40701047,0.4371304,-0.007184658,-0.09677827,-0.046423383,-0.18810154,1.6000226757369616,Cmaj
0.5740113,-0.2832528,-0.15758803,-0.0647432,0.49097493,-0.23241824,-0.33203122,0.2877581,0.108501375,-0.08165447,-0.09657208,-0.21298568,1.6000226757369616,Cmaj
0.70278424,-0.27552128,-0.11929755,-0.088667706,0.27753824,-4.4880403E-4,-0.16225296,-0.092067644,0.1125162,0.27895865,-0.2663073,-0.3672341,1.6,Cmaj
0.37169915,-0.24370575,-0.07906809,-0.11223944,0.45565987,-0.13460574,-0.50466734,0.51142126,-0.049729094,-0.02130868,-0.19665965,0.0032034838,1.6216326530612244,Cmaj
0.27277192,-0.12121902,-0.11945999,-0.14781803,0.56650966,-0.32202527,-0.3566104,0.53796804,-0.15839697,-0.053211212,-0.029335974,-0.06917272,1.6216326530612244,Cmaj
0.47559693,-0.2178935,-0.16202556,-0.11800364,0.5624259,-0.26578283,-0.35950986,0.3387552,0.104680866,-0.12425051,-0.0904036,-0.14358942,1.6216326530612244,Cmaj
0.475627,-0.22439866,-0.16128814,-0.10676004,0.5507507,-0.2603765,-0.3687291,0.35588515,0.093646914,-0.12699461,-0.08601589,-0.14134675,1.621609977324263,Cmaj
0.36921,-0.20819457,-0.11593045,-0.058132354,0.4649319,-0.27232832,-0.3779469,0.56589717,-0.18397146,-0.04211331,-0.02331466,-0.11810694,2.4489795918367347,Cmaj
0.25083804,-0.1424428,-0.12923305,-0.09918283,0.5299907,-0.28011698,-0.43247235,0.5552385,-0.045794528,-0.18131438,-0.024518806,-9.914399E-4,2.4489795918367347,Cmaj
0.30940086,-0.13706003,-0.14786628,-0.15159574,0.6007592,-0.29904637,-0.39675927,0.4360493,0.06529378,-0.1829455,-0.061903227,-0.034326743,2.4489795918367347,Cmaj
0.47330022,-0.2259515,-0.15934326,-0.10458507,0.55083495,-0.26406473,-0.36911425,0.3579771,0.091321535,-0.12567933,-0.08333709,-0.1413587,2.449002267573696,Cmaj
0.39327434,-0.43445513,0.22886051,-0.30275443,0.47434565,-0.16820085,-0.32632586,0.25232607,0.18483682,-0.22847456,-0.032660816,-0.04077166,2.0168027210884354,Cmaj
0.25001505,-0.25322434,-0.120491795,-0.055414367,0.52074236,-0.2710092,-0.37952462,0.29837105,0.28415334,-0.24742235,-0.2736681,0.24747291,2.0168027210884354,Cmaj
0.32390827,-0.1516515,-0.11600996,-0.058393564,0.38338792,-0.1928545,-0.35608813,0.5708647,-0.3775147,0.21573201,-0.12971304,-0.11166736,2.0168027210884354,Cmaj
0.18185018,-0.25246078,-0.10585532,0.0075257993,0.44214866,-0.24723794,-0.4520508,0.5075787,0.09141979,-0.240319,-0.19536485,0.2627657,2.0168027210884354,Cmaj
0.044391908,-0.011123289,-0.08635841,-0.17273736,0.54929197,-0.33195385,-0.3532237,0.60302836,-0.21973121,-0.09215912,0.012715686,0.05785902,9.896916099773243,Cmaj
0.45732352,-0.22226737,-0.17458522,-0.09410456,0.53864413,-0.2234051,-0.39552227,0.28677723,0.2376603,-0.22142424,-0.09404533,-0.095051184,4.9484580498866215,Cmaj
0.1044488,-0.028100751,-0.14665352,-0.18941057,0.613912,-0.2744397,-0.4144249,0.3682041,0.21991555,-0.32568118,-0.048590787,0.120821066,4.946077097505669,Cmaj
0.47799903,-0.22024287,-0.09661969,-0.027595008,0.3286111,-0.1862608,-0.29466164,0.4955759,-0.31657606,0.10362769,0.082599,-0.3464566,1.6,Cmaj
0.53053033,-0.44939888,0.08000775,-0.1277417,0.39214146,-0.14944643,-0.37277138,0.3644046,0.056617506,-0.14300907,-0.036341593,-0.14499258,1.6000226757369616,Cmaj
0.3847379,-0.35288963,0.13377622,-0.2529946,0.4473476,-0.1349126,-0.39876303,0.45686984,-0.15741776,0.08248005,-0.15986647,-0.04836757,1.6000226757369616,Cmaj
0.51429945,-0.4262797,0.049685474,-0.1312031,0.40066513,-0.11175483,-0.38360393,0.2269775,0.28207004,-0.26526394,-0.06413152,-0.09146055,1.6,Cmaj
0.6681657,-0.42476994,-0.13256916,0.1803339,0.18013763,-0.203346,-0.13429265,0.2596317,-0.16573532,0.1994573,-0.16170725,-0.26530597,1.6216326530612244,Cmaj
0.6742364,-0.41745564,-0.13270088,0.17267591,0.17528121,-0.19574055,-0.11542966,0.22790116,-0.16635084,0.23237123,-0.18089928,-0.27388906,1.6216326530612244,Cmaj
0.5026173,-0.32385588,-0.13775995,0.124913506,0.19400133,-0.051491458,-0.44608372,0.5340069,-0.20466043,0.07500919,-0.11930985,-0.14738706,1.6216326530612244,Cmaj
0.62972414,-0.3611445,-0.15420683,0.11617373,0.19410594,-0.026928127,-0.38993236,0.36631858,-0.097736895,0.131707,-0.18232499,-0.22575574,1.621609977324263,Cmaj
0.37547535,-0.3289001,-0.09201857,0.035973735,0.39676848,-0.2665401,-0.38716704,0.5611712,-0.12868218,-0.04761369,-0.16401383,0.045546744,2.4489795918367347,Cmaj
0.2720003,-0.12641759,-0.11812697,-0.13749479,0.55378544,-0.31612507,-0.36244,0.5502789,-0.16797407,-0.05451249,-0.025466755,-0.06750688,2.4489795918367347,Cmaj
0.47917348,-0.2888264,-0.12109161,0.016278073,0.37355387,-0.21400848,-0.3755718,0.5291862,-0.17534372,-0.013992797,-0.024824724,-0.18453221,2.4489795918367347,Cmaj
0.36979762,-0.3327953,-0.08938777,0.049583178,0.3766703,-0.25670817,-0.39264685,0.57490426,-0.14150439,-0.04940004,-0.1572878,0.048774958,2.449002267573696,Cmaj
-0.07399739,-0.019629693,-0.26976547,0.33541366,-0.04194299,-0.13920714,0.14737026,-0.3405927,0.5519507,-0.2626687,-0.3108665,0.42393592,1.1159863945578232,Cmaj
-0.3007334,0.5500151,-0.48446053,0.01605549,0.23033577,-0.0134213185,-0.08803003,-0.21841498,0.4252885,-0.18662214,-0.11541689,0.18540442,1.1150113378684807,Cmaj
0.69543517,-0.15961595,-0.29019916,0.061810352,0.16685835,0.052953534,-0.11864963,-0.22314623,0.29119882,0.11873808,-0.17080037,-0.42458293,1.0919954648526078,Cmaj
0.52236736,-0.03736046,-0.5298669,0.46411422,-0.094669566,0.0067604664,-0.020524627,-0.19288675,0.29795524,0.012798035,-0.18183425,-0.24685274,1.0939909297052155,Cmaj
-0.31226897,0.6177907,-0.25869548,-0.28456137,0.16233952,0.22750545,-0.04753152,-0.34383726,0.1676133,0.27478415,-0.2598331,0.05669457,1.0750113378684807,Cmaj
-0.047201224,0.2580285,-0.37506235,0.005049358,0.23581457,0.09772114,-0.29627565,-0.1929976,0.6481063,-0.34884858,-0.16312197,0.17878744,1.0509977324263038,Cmaj
0.3697144,-0.054663632,-0.26206797,0.060028147,0.15275408,-0.049335837,0.14513259,-0.5488672,0.5135284,0.112776965,-0.4027526,-0.03624732,1.05,Cmaj
-0.38162008,0.54883945,-0.1308692,-0.20614086,0.061075512,0.06380902,0.19552116,-0.4211559,0.32079148,-0.23661588,0.3098133,-0.12344799,1.1090022675736961,Cmaj
0.15924945,0.5083282,-0.54886013,-0.05385341,0.23213296,0.13916513,-0.14450988,-0.2822542,0.31462225,0.052445844,-0.0070010056,-0.3694652,1.0719954648526078,Cmaj
-0.05783885,0.2813428,-0.57164264,0.31414193,0.08872522,0.033120703,-0.27853972,-0.035000626,0.48339283,-0.3092641,-0.16607766,0.21764,1.0860090702947847,Cmaj
-0.4847811,0.41984078,-0.24827369,-0.015668394,0.102968544,0.052008882,-0.086838774,-0.18327022,0.3907948,-0.17769136,-0.24610016,0.47701073,1.086984126984127,Cmaj
-0.18342897,0.60363114,-0.611041,0.17557256,0.02814101,0.10559534,-0.03953177,-0.2282389,0.16028555,0.19714582,-0.25567544,0.04754478,1.084013605442177,Cmaj
0.42137545,-0.0841577,-0.18200716,-0.25850892,0.6606684,-0.26347354,-0.28027424,0.16706815,0.10793938,0.09395883,-0.25975645,-0.122832134,2.0168027210884354,Cmaj
0.4927912,-0.21438903,-0.09831014,-0.03835799,0.32919347,-0.18059655,-0.28291866,0.48052734,-0.31864306,0.12340155,0.06404052,-0.35673863,2.0168027210884354,Cmaj
0.65748125,-0.24138595,-0.1530086,-0.09332487,0.41197735,-0.14616789,-0.25317773,0.17421347,0.053300135,0.011424988,0.013006233,-0.43433833,2.0168027210884354,Cmaj
0.3862151,-0.11134545,-0.19509646,-0.20129567,0.63260007,-0.2291783,-0.3880608,0.24775177,0.19426689,-0.06705116,-0.22609814,-0.042707846,2.0168027210884354,Cmaj
0.6479596,-0.3170421,-0.18769124,0.07228907,0.211629,0.035390597,-0.38490492,0.22170731,-0.0045609665,0.22867203,-0.31883314,-0.20461531,9.896916099773243,Cmaj
0.6038825,-0.22670366,-0.116197705,0.032605436,0.13139233,0.037097476,-0.28739402,0.24334306,-0.04976618,-0.07689689,0.2774496,-0.5688119,4.9484580498866215,Cmaj
0.32463193,-0.21581371,-0.015735982,0.10389542,0.06334323,-0.09486344,-0.24452868,0.51475453,-0.25565594,-0.25056288,0.46456334,-0.39402777,4.946077097505669,Cmaj
0.15151954,-0.20747297,-0.056521863,-0.011869842,0.40572783,-0.2705999,-0.4067179,0.5606254,0.061634235,-0.43294844,0.11930639,0.08731758,1.6,Cmaj
0.58573693,-0.3635434,-0.14220795,0.039825816,0.4440253,-0.36201236,-0.18151157,0.27345136,0.0864709,-0.13874288,-0.046181604,-0.19531055,1.6000226757369616,Cmaj
0.5761895,-0.27541882,-0.16833727,-0.030541081,0.41415346,-0.15436672,-0.37875515,0.36369583,-0.05450417,0.103263944,-0.19698705,-0.19839248,1.6000226757369616,Cmaj
0.57904726,-0.27296004,-0.17062736,-0.034371465,0.41540852,-0.15087767,-0.37719426,0.3600103,-0.05128157,0.10199033,-0.20027131,-0.19887276,1.6,Cmaj
0.44976035,-0.19561711,-0.13251792,-0.11613684,0.52259433,-0.26794586,-0.3329632,0.36820978,0.07418586,-0.23144132,0.11593567,-0.25406376,1.6216326530612244,Cmaj
0.52897286,-0.2918121,-0.17706421,-0.006356851,0.42036048,-0.14170521,-0.41091684,0.2476427,0.2978792,-0.25589025,-0.095989875,-0.11511976,1.6216326530612244,Cmaj
0.5294283,-0.292063,-0.17702648,-0.006232969,0.42021245,-0.14173359,-0.41076854,0.24774003,0.29740226,-0.25542724,-0.09599577,-0.11553552,1.6216326530612244,Cmaj
0.5010479,-0.24651332,-0.1252114,-0.019661782,0.35314888,-0.17485432,-0.32377422,0.46706706,-0.28212318,0.21450207,-0.14917159,-0.214456,1.621609977324263,Cmaj
0.41142628,-0.18427445,-0.1650247,-0.078547455,0.47741705,-0.18810576,-0.43989047,0.4882631,-0.12270419,0.08175832,-0.19983892,-0.0804788,2.4489795918367347,Cmaj
0.50124305,-0.24654125,-0.12524253,-0.019773463,0.35332227,-0.17493653,-0.32367304,0.4668078,-0.2818829,0.21449481,-0.1492361,-0.21458228,2.4489795918367347,Cmaj
0.54770094,-0.17699803,-0.19230947,-0.15204568,0.5227162,-0.16322471,-0.32124394,0.18770634,0.05013375,0.19035354,-0.31752917,-0.17525986,2.4489795918367347,Cmaj
0.53742534,-0.17349358,-0.19150728,-0.1612357,0.54428554,-0.18095832,-0.3236271,0.19312876,0.070118636,0.15458222,-0.30037194,-0.1683464,2.449002267573696,Cmaj
0.49052376,-0.41460863,-0.12080046,0.16264471,0.19421478,-0.0692467,-0.42518365,0.43218797,-0.06632649,0.09698691,-0.3442089,0.06381664,2.0168027210884354,Cmaj
0.49018577,-0.41452006,-0.12072131,0.16261534,0.19414242,-0.0692357,-0.42507353,0.43216068,-0.066604,0.097507626,-0.34476033,0.0643032,2.0168027210884354,Cmaj
0.4324629,-0.40970397,-0.13182795,0.16842818,0.21536982,-0.060230963,-0.4455424,0.2813906,0.3373046,-0.3128363,-0.2065694,0.13175486,2.0168027210884354,Cmaj
0.5981213,-0.43846092,-0.13661607,0.13830242,0.1856192,-0.024253923,-0.320726,0.1433125,0.13732688,0.14996462,-0.46006742,0.027477462,2.0168027210884354,Cmaj
-0.11312,0.1541443,0.16766104,-0.08984717,-0.37262058,0.50213814,-0.20379749,0.016411126,-0.012237232,-0.22789043,0.5512807,-0.37212223,9.896916099773243,Cmaj
-1.1529495E-4,-0.03188825,-0.019219827,0.019906672,-0.030772766,0.28849608,-0.56818503,0.34221846,0.26464045,-0.55321515,0.31214538,-0.024010874,4.9484580498866215,Cmaj
0.40218836,-0.3802931,0.088966645,-0.25072718,0.5581812,-0.2640193,-0.26633203,0.18031114,0.24399862,-0.15171807,-0.22636424,0.06580802,1.6216326530612244,Cmaj
0.3859022,-0.38964802,0.12505771,-0.2510556,0.551474,-0.31086475,-0.25384894,0.33610162,0.0019434072,-0.031363405,-0.2002459,0.036547627,1.6216326530612244,Cmaj
0.41511104,-0.26085782,-0.11549374,-0.117719464,0.5841144,-0.3485208,-0.29354352,0.35902604,0.028209437,-0.024696458,-0.23083064,0.0052014347,1.6216326530612244,Cmaj
0.32268944,-0.36423546,0.103539966,-0.1879865,0.50178593,-0.29816252,-0.32105303,0.48507717,-0.102512054,-0.055673826,-0.14417432,0.060705226,1.621609977324263,Cmaj
0.33823,-0.4596513,0.15537551,-0.08518864,0.34057197,-0.22035326,-0.3476618,0.55020106,-0.16452426,-0.060191583,-0.13064423,0.08383641,2.4489795918367347,Cmaj
0.49317557,-0.35965398,-0.13562103,9.032164E-4,0.44447532,-0.2184714,-0.34562474,0.23192039,0.2815908,-0.17503437,-0.27747613,0.059816394,2.4489795918367347,Cmaj
0.41536218,-0.26098937,-0.11550246,-0.117711745,0.58410627,-0.34850588,-0.2933938,0.35866347,0.028473744,-0.024620544,-0.23100404,0.0051222094,2.4489795918367347,Cmaj
0.15251644,-0.15522693,-0.08413512,-0.10856325,0.54223365,-0.34671897,-0.3605592,0.5656188,-0.12592378,-0.08583112,-0.14897844,0.15556781,2.449002267573696,Cmaj
0.55514663,-0.60555923,0.20019183,-0.04541652,0.1261757,0.025765007,-0.24400581,0.109385565,0.08010117,0.14955357,-0.40412137,0.052783445,1.3429931972789115,Cmaj
0.35142797,-0.34854335,0.1696363,-0.056627415,0.09706912,-0.20026812,0.1799723,0.08533062,-0.42742515,0.5624295,-0.36386558,-0.049136147,1.3239909297052155,Cmaj
0.18393219,-0.16427831,-0.24439856,0.14264669,0.22310421,-0.023013923,-0.3490277,8.4798736E-4,0.570289,-0.30409625,-0.384489,0.34848353,1.3,Cmaj
0.22428174,-0.5610967,0.19091967,0.069822825,0.13125283,-0.08645682,-0.36544108,0.4081338,0.09495295,-0.21219897,-0.27040818,0.37623805,1.3940136054421768,Cmaj
0.24712001,-0.32259238,-0.097966276,0.15066433,0.19007316,-0.071109936,-0.47946638,0.54005337,-0.10407188,0.047650363,-0.38311982,0.28276548,2.0168027210884354,Cmaj
0.54298985,-0.60769486,0.20085554,-0.04855157,0.13331714,0.030375745,-0.2541408,0.09669579,0.10286741,0.14107408,-0.40659243,0.06880399,2.0168027210884354,Cmaj
0.4696292,-0.32304528,-0.14318407,8.9141796E-4,0.4251089,-0.193011,-0.39726543,0.39104554,-0.007837899,0.07872454,-0.34327665,0.042220768,2.0168027210884354,Cmaj
0.5263917,-0.3058252,-0.15385804,0.007482972,0.415575,-0.18998824,-0.41493273,0.41432077,0.0635768,-0.14614755,-0.06264904,-0.15394633,2.0168027210884354,Cmaj
-0.038423635,0.22002895,0.10999154,-0.12354619,-0.15896115,0.053016473,0.22496462,0.038552396,-0.49846733,0.22589251,0.4938941,-0.5469423,9.896916099773243,Cmaj
-0.027043823,0.093719795,0.047979984,-0.029394163,-0.037527837,-0.017544784,-0.102165945,0.5139373,-0.66447145,0.1846482,0.3614948,-0.32363215,4.9484580498866215,Cmaj
0.41586843,-0.15145804,-0.027685696,0.033950552,0.035028026,-0.026095575,-0.15176581,0.41415885,-0.49963492,0.22921824,0.22935961,-0.5009436,4.946077097505669,Cmaj
0.13993298,-0.20644501,-0.021290382,-0.021261655,0.25606355,-0.010056544,-0.58668065,0.6622708,-0.17015967,-0.05865134,-0.15904453,0.1753225,1.6,Cmaj
0.25977966,-0.13047244,0.015962284,-0.19450016,0.27167124,0.1153811,-0.5547101,0.55190367,-0.32514212,0.21571921,-0.100769825,-0.12482239,1.6000226757369616,Cmaj
-0.061756093,-0.06653864,-0.061737817,-0.08261344,0.27944484,0.08341005,-0.5819854,0.31944805,0.35846105,-0.38069364,-0.18817742,0.3827385,1.6000226757369616,Cmaj
0.32184795,-0.20145456,-0.16816856,-0.098060556,0.48511162,-0.13729939,-0.33823636,0.035153765,0.4176428,-0.07440026,-0.4666355,0.22449896,1.6,Cmaj
0.56459975,-0.15896937,-0.15747903,-0.20234989,0.5639372,-0.23858845,-0.22812653,0.15318584,0.086402595,0.0047357827,-0.024489889,-0.36285803,1.6216326530612244,Cmaj
0.61760765,-0.33027545,-0.12200673,0.104062974,0.15989374,-0.03196524,-0.352345,0.39335796,-0.12720756,-0.010375958,0.091272466,-0.39201885,1.6216326530612244,Cmaj
0.5619761,-0.18470499,-0.17896666,-0.17901844,0.566617,-0.2225683,-0.2572907,0.1357198,0.1012627,0.118212365,-0.24014653,-0.22109225,1.6216326530612244,Cmaj
0.6330657,-0.64628494,0.23610984,0.010296946,0.107103415,-0.17430434,0.03662848,-0.012554769,0.13465446,-0.10506029,0.0106794685,-0.23033407,1.621609977324263,Cmaj
0.655633,-0.32387108,-0.1601761,0.0031478473,0.356689,-0.13171537,-0.32313472,0.2708322,-0.008950034,0.112099394,-0.1859152,-0.26463884,2.4489795918367347,Cmaj
0.5211968,-0.27528158,-0.10230781,0.0077601746,0.34878418,-0.31883258,-0.08780595,0.34535885,-0.34113446,0.29995698,-0.14257914,-0.25511542,2.4489795918367347,Cmaj
0.506099,-0.40465024,-0.08441039,0.04292977,0.337985,-0.21662085,-0.24177103,0.27163538,-0.04955527,0.22406548,-0.46736258,0.08165563,2.4489795918367347,Cmaj
0.41900194,-0.34895736,-0.12399961,0.037195247,0.41811624,-0.22539043,-0.4208897,0.41497684,0.14600423,-0.19521965,-0.2090828,0.08824517,2.449002267573696,Cmaj
0.35474247,-0.29015565,-0.084621556,-0.046374615,0.552863,-0.48607093,-0.15862183,0.41962573,-0.115513176,-0.014344135,-0.1531946,0.021665245,0.39501133786848075,Cmaj
0.5648337,-0.24679166,-0.14001587,-0.08186051,0.4507536,-0.22306755,-0.27676573,0.340713,-0.14935088,0.18119343,-0.16011013,-0.25953144,0.43700680272108844,Cmaj
0.5710624,-0.19066606,-0.2483383,0.046949416,0.4105118,-0.3177146,-0.16483079,0.32346758,-0.16403683,0.09756879,0.0047337967,-0.36870715,0.47399092970521545,Cmaj
0.3749517,-0.33579344,-0.0931475,0.04913336,0.38134873,-0.2557719,-0.39354607,0.5675071,-0.1383272,-0.04394565,-0.15717734,0.044768315,2.0168027210884354,Cmaj
0.48582265,-0.2846473,-0.12417328,0.002694442,0.39270696,-0.2224449,-0.36952373,0.5137462,-0.16224599,-0.0115833655,-0.030780848,-0.18957092,2.0168027210884354,Cmaj
0.42147106,-0.3702653,0.14256975,-0.3251639,0.58680046,-0.32015878,-0.12638898,0.08895901,0.15339802,0.0044974387,-0.2548172,-9.0155663E-4,2.0168027210884354,Cmaj
0.41597274,-0.38493574,0.15185036,-0.31678015,0.5762807,-0.31845576,-0.1269002,0.09094261,0.1567633,0.0023489571,-0.26912668,0.022039786,2.0168027210884354,Cmaj
-0.020574242,-0.11062913,-0.038584772,0.10624276,0.11723441,-0.10279698,-0.41431427,0.76124173,-0.40711394,-0.10347524,0.10961491,0.10315467,9.896916099773243,Cmaj
-0.1327171,-0.15170246,0.06790093,0.2274479,0.017415833,-0.5250681,0.33014116,0.39693567,-0.5476631,0.007094707,0.23377368,0.07644084,4.9484580498866215,Cmaj
0.4776663,-0.346363,-0.10535664,0.14982574,0.16553126,-0.09431412,-0.3966919,0.5744158,-0.2472427,-0.009381027,0.014347237,-0.18243699,4.946077097505669,Cmaj
0.15333696,-0.34139398,-0.06630425,0.19019078,0.17908604,-0.122232944,-0.48202986,0.56731075,0.04827925,-0.27679735,-0.17758736,0.32814208,1.6,Cmaj
0.04086078,-0.2026438,-0.036510963,0.010011231,0.32775027,-0.23969653,-0.3265277,0.5578934,-0.25826153,0.13306667,-0.38288477,0.37694302,1.6000226757369616,Cmaj
0.3747024,-0.4940316,0.011656618,0.21416253,0.084666975,-0.15546443,-0.27020928,0.51024914,-0.27145407,0.13626108,-0.2968689,0.15632965,1.6000226757369616,Cmaj
0.5516169,-0.38284227,-0.15288672,0.1051214,0.19303265,0.021471944,-0.30084574,-0.055453394,0.42702436,-0.031341657,-0.44221693,0.06731936,1.6,Cmaj
0.4480428,-0.48289582,0.102812976,0.037132166,0.16526538,-0.052962393,-0.43390548,0.53878987,-0.10315575,-0.16026281,0.03129941,-0.09016045,1.6216326530612244,Cmaj
-0.14821535,-0.2582704,0.24535494,-0.19455285,0.34475377,-0.1915456,-0.34785843,0.48266724,0.017865514,-0.29046017,-0.113758005,0.45401934,1.6216326530612244,Cmaj
0.11211067,-0.28883466,0.14126153,-0.10637093,0.29311076,-0.17634714,-0.35107228,0.64137906,-0.38909912,0.11238926,-0.16309734,0.17457038,1.6216326530612244,Cmaj
0.6843547,-0.45811448,-0.12114755,0.14432071,0.15845501,-0.03998145,-0.25369087,0.09647692,0.11962545,0.15585595,-0.3637768,-0.122377574,1.621609977324263,Cmaj
0.37533978,-0.21941009,-0.112262264,-0.10181558,0.5128176,-0.2928872,-0.3149268,0.45246255,-0.18072933,0.16034803,-0.27742943,-0.0015072551,2.4489795918367347,Cmaj
0.48761982,-0.2673602,-0.12751494,-0.032649398,0.4389623,-0.24695362,-0.35493988,0.48638743,-0.13531809,-0.012012596,-0.04450709,-0.19171378,2.4489795918367347,Cmaj
0.48510617,-0.31763294,-0.11509025,-0.036597196,0.48514715,-0.29569116,-0.33028424,0.42443547,-0.039357584,-0.015871841,-0.17477502,-0.06938858,2.4489795918367347,Cmaj
0.39963323,-0.18219002,-0.12722945,-0.08641957,0.45952487,-0.24087718,-0.34710842,0.51954985,-0.264149,0.1349986,-0.116481416,-0.14925139,2.449002267573696,Cmaj
0.30930793,-0.3085819,-0.02300429,-0.021323832,0.43158305,-0.35228306,-0.30293214,0.5938451,-0.2069817,-0.10164223,-0.009455324,-0.0085317055,1.9770068027210885,Cmaj
0.31874606,-0.18522276,-0.11539581,-0.15486175,0.615255,-0.36280262,-0.31665853,0.4302701,-0.03532399,-0.042831525,-0.16701068,0.015836429,1.0319954648526077,Cmaj
0.4489575,-0.32674107,-0.22674747,0.16916233,0.45000294,-0.54645085,-0.0038426712,0.24816231,-0.0011677449,-0.014355138,-0.21958637,0.02260623,1.0809977324263038,Cmaj
0.24857211,0.21707723,-0.5186343,0.39556757,-0.08574929,-0.085805334,0.07034689,0.047890402,-0.09743975,-0.08654577,0.40624452,-0.5115244,1.985986394557823,Cmaj
0.47585854,-0.1311552,-0.020820403,-0.17218795,0.233664,-0.03520965,-0.07922705,0.108103976,-0.35968345,0.5812144,-0.25049946,-0.35005778,4.202993197278912,Cmaj
0.5099433,-0.4601651,-0.02698509,0.14051436,0.21104808,-0.21460205,-0.29270977,0.5223033,-0.1967196,-0.051180825,-0.010156145,-0.13129038,2.046984126984127,Cmaj
0.6351983,-0.5347675,-0.001386472,0.11507889,0.21622129,-0.21323787,-0.19937882,0.3376419,-0.08554625,-0.01682958,-0.049941603,-0.2030523,2.0360090702947846,Cmaj
0.64478403,-0.46301186,0.03304956,-0.032970924,0.2832126,-0.13652213,-0.27099168,0.31986356,-0.08236627,0.037371267,-0.044419028,-0.2879991,2.194013605442177,Cmaj
0.6511998,-0.51827115,-0.03601298,0.12425865,0.22175783,-0.20511982,-0.20211887,0.3198264,-0.07216629,-0.007899198,-0.057113588,-0.21834084,2.0189795918367346,Cmaj
0.40358332,-0.39695516,-0.20338511,0.33851612,0.22957498,-0.43619645,-0.105628565,0.4610555,-0.17202911,-0.03892478,-0.14612746,0.06651671,1.0089795918367348,Cmaj
0.6983003,-0.50497484,-0.053425733,0.12549393,0.19650736,-0.1675566,-0.1826142,0.24063529,-0.027746841,0.020580351,-0.07246034,-0.27273878,2.0090022675736963,Cmaj
0.586703,-0.40839446,-0.045769602,-0.042500105,0.4428226,-0.31320927,-0.20898125,0.3179691,-0.029200247,-0.020746635,-0.084551506,-0.19414169,1.9780045351473923,Cmaj
0.69603544,-0.51475155,-0.02492737,0.097414,0.20483813,-0.16303433,-0.18366702,0.23853043,-0.030065168,0.022790316,-0.06915645,-0.27400643,1.9750113378684808,Cmaj
0.45718977,-0.21906674,-0.13369882,-0.10385381,0.5298121,-0.29330134,-0.33039004,0.43971005,-0.094155535,-0.012042119,-0.059943095,-0.18026036,1.7280045351473923,Cmaj
0.671997,-0.28609458,-0.10183491,-0.022973372,0.26061594,-0.21045542,0.118127845,-0.13886479,-0.027695347,0.3371785,-0.21121638,-0.38878438,1.6949886621315193,Cmaj
0.6074137,-0.30659047,-0.14586909,-0.03080411,0.42009243,-0.20893958,-0.3035599,0.3455773,-0.051046968,0.024792988,-0.07994485,-0.27112144,2.7629931972789117,Cmaj
0.4556141,-0.27109525,-0.20025724,0.2237734,0.2028052,-0.23938444,-0.27898937,0.5349494,-0.19136164,-0.15558241,0.18586354,-0.26633522,1.69,Cmaj
0.45718053,-0.2155351,4.5394036E-4,-0.11644418,0.18156767,0.100778244,-0.2722999,-0.058220685,0.45746148,-0.43363348,0.27173555,-0.37304416,1.5319954648526077,Cmaj
0.36291724,-0.17258622,-0.12409417,-0.20881225,0.66670114,-0.37745675,-0.24824885,0.28154212,0.067737296,-0.020582004,-0.21564323,-0.011474356,2.48,Cmaj
0.47729868,-0.50229275,0.2328172,-0.09103289,-0.05087203,0.3329115,-0.38399553,0.056941096,0.11487256,0.1784794,-0.3845224,0.019395093,1.5680045351473924,Cmaj
0.02552728,0.4323525,-0.40131593,-0.048967984,0.087210275,0.37399223,-0.55805475,0.2667136,-0.12529548,0.23326097,-0.07912054,-0.2063022,0.39700680272108846,Cmaj
0.5345179,-0.19996236,-0.1910996,0.17331527,0.14585449,-0.21191214,-0.10070672,0.34408322,-0.24582292,-0.024024455,0.29215857,-0.5164013,1.5329931972789115,Cmaj
0.5481885,-0.15945575,-0.020910453,-0.18204872,0.15592608,0.15634908,-0.18169016,-0.020895451,-0.16031277,0.5473931,-0.34301874,-0.33952484,1.4629931972789116,Cmaj
0.6194296,-0.47031325,-0.07848696,0.09123051,0.36059794,-0.38992816,-0.038953025,0.17327438,0.01033798,0.061829895,-0.22250135,-0.11651769,1.5040136054421769,Cmaj
0.4910935,-0.39481178,-0.095554225,0.021976547,0.43032917,-0.28594744,-0.31320712,0.3823189,0.0218561,-0.017659822,-0.28211898,0.04172527,1.579002267573696,Cmaj
0.6154585,-0.35796595,-0.2242406,0.2191695,0.22324556,-0.19700642,-0.28024113,0.39916125,-0.09455433,-0.0039700437,-0.0641949,-0.23486151,1.0929931972789115,Cmaj
-0.06786864,-0.3476652,0.59216994,-0.45135543,0.2530283,-0.12229467,-0.13105692,0.36626688,-0.23324282,-0.08942007,0.097703755,0.13373482,1.9580045351473923,Cmaj
0.5139448,-0.54697025,0.31383356,-0.09990187,-0.016789054,0.17776246,-0.3408771,0.3193642,-0.14856839,0.04285001,0.017565113,-0.23221362,0.7590022675736962,Cmaj
0.33844572,-0.39580765,-0.014788327,0.20131898,0.109542206,-0.16379412,-0.36018786,0.6442045,-0.21996953,-0.20171916,0.11333403,-0.05057881,0.88,Cmaj
0.025053855,-0.48632702,0.4905282,-0.22529908,0.24121527,-0.31668153,-0.024285672,0.41659206,-0.2695254,-0.06868836,-0.028900594,0.24631836,1.063015873015873,Cmaj
0.4173496,0.011325851,-0.2814169,-0.18379682,0.62473935,-0.2727305,-0.29395005,0.28131834,-0.015238225,0.050934095,-0.06353875,-0.27499607,2.9719954648526077,Cmaj
0.5006951,-0.27711788,-0.24386075,0.19048406,0.22437811,-0.10537566,-0.43143994,0.51981556,-0.15092169,0.03664514,-0.14101684,-0.122285224,0.6839909297052155,Cmaj
0.5515218,-0.18444613,-0.124391645,-0.2156076,0.50739855,-0.08755202,-0.40663207,0.2611524,0.053429786,0.05146751,-0.12219324,-0.28414735,1.49,Cmaj
0.3478095,-0.25623265,-0.109091505,-0.07341782,0.53345823,-0.32639566,-0.3532579,0.48869902,-0.06886715,-0.044374384,-0.1811319,0.042802103,1.4779818594104308,Cmaj
0.67969954,-0.3987205,-0.114320345,0.1329446,0.14956042,-0.055092823,-0.2828848,0.24832241,0.06394147,-0.13294636,0.09685998,-0.38736364,1.1580045351473922,Cmaj
0.6147019,-0.36094752,-0.11449852,6.6529785E-4,0.35677242,-0.19302964,-0.22934772,0.23960358,-0.07946551,0.24866532,-0.33989432,-0.14322522,0.6709977324263039,Cmaj
0.36066335,-0.35546568,0.32986736,-0.3957274,0.2501395,0.19252665,-0.47776067,0.33568805,-0.08207716,0.03313881,-0.01966278,-0.17133002,1.4380045351473922,Cmaj
0.561402,-0.31044313,-0.09889981,0.030426817,0.3051194,-0.18849047,-0.29709825,0.43221858,-0.13164769,-0.082236275,0.14049125,-0.36084256,1.053015873015873,Cmaj
0.5504922,-0.188958,-0.120247096,-0.21033685,0.50337255,-0.08973666,-0.41075873,0.2692532,0.048676483,0.051348966,-0.11896284,-0.28414318,1.3760090702947845,Cmaj
0.4848011,-0.2282571,-0.09216323,0.05921455,0.10262455,-0.015489538,-0.22643372,0.35993007,-0.4214804,0.46237135,-0.25177824,-0.23333938,0.7609977324263039,Cmaj
0.6620439,-0.37263232,-0.13007918,0.05564734,0.3002196,-0.15550044,-0.28848127,0.31509572,-0.056063145,0.046187013,-0.06599337,-0.3104439,1.5149886621315192,Cmaj
0.5795419,-0.44978768,0.061377343,-0.06835698,0.31596914,-0.15279117,-0.30543667,0.4010228,-0.13203748,0.016033107,-0.025192177,-0.24034205,1.4250113378684808,Cmaj
0.5527593,-0.27283272,-0.13942698,-0.06722824,0.4797626,-0.25693226,-0.30825803,0.3713649,-0.05827426,0.013622681,-0.07395906,-0.24059789,1.412018140589569,Cmaj
0.61147577,-0.22413316,-0.2812436,0.027719138,0.49121758,-0.35269767,-0.115359746,0.09821501,0.13863146,0.014922979,-0.15761752,-0.25113013,0.7180045351473923,Cmaj
0.6367839,-0.50612897,0.0387684,0.103259675,0.049591374,0.063254766,-0.3740584,0.33402532,-0.053505972,0.01695587,-0.061341416,-0.24760453,0.7949886621315193,Cmaj
0.13924217,-0.3989824,0.6246954,-0.39294988,0.04893293,-0.006390022,0.023891373,0.15281773,-0.2026971,-0.109812126,0.36877808,-0.24752626,0.7029931972789115,Cmaj
0.097363286,-0.044964373,0.1788595,-0.3583312,0.3391329,-0.045156896,-0.3501016,0.56606835,-0.43295392,0.08845767,0.17060481,-0.2089785,0.79,Cmaj
0.39175802,-0.028404076,-0.26360604,-0.043511007,0.43963382,-0.1718541,-0.39551875,0.40130422,0.04349838,-0.24956751,0.22292693,-0.34666002,0.8360090702947846,Cmaj
0.6356068,-0.18621679,-0.40902036,0.27231982,0.2570981,-0.26772484,-0.10802961,0.1095329,0.14948936,-0.097247146,3.3772216E-5,-0.35584208,0.7429931972789116,Cmaj
0.3910975,-0.08305066,-0.018446445,0.052746408,-0.35901672,0.56763226,-0.24851094,-0.13205755,-0.052098595,0.39496827,-0.16637485,-0.34688875,0.8349886621315192,Cmaj
0.48687905,-0.1781634,-0.12445812,0.10875984,-0.16957298,0.48213983,-0.5536971,0.18651979,0.065208375,0.08238792,-0.104218096,-0.2817851,0.79,Cmaj
0.391172,-0.11949096,0.015071106,-0.033719126,-0.24722074,0.5925535,-0.45235622,0.06520733,-0.06342871,0.30661786,-0.16032185,-0.29408425,0.743015873015873,Cmaj
0.3330192,-0.09981335,-0.015451175,-0.26531774,0.41547593,0.017345145,-0.5407814,0.5089003,-0.17762214,0.06664424,-0.024275782,-0.21812326,0.8359863945578231,Cmaj
0.17023417,-0.3717647,0.4205286,-0.08915708,-0.3026311,0.40941393,-0.35896844,0.3593977,-0.30485356,0.0775941,0.121165045,-0.13095866,0.8359863945578231,Cmaj
0.12733817,-0.43875194,0.57415456,-0.38584968,0.095963486,0.12236433,-0.29978818,0.38021427,-0.21719037,-0.034842227,0.07579228,5.951942E-4,0.79,Cmaj
0.608162,-0.23859999,-0.100828476,-0.065036595,0.34162337,-0.18200643,-0.19066718,0.29077092,-0.20874187,0.16225997,0.047714967,-0.46465057,1.5380045351473923,Cmaj
0.6534127,-0.2718479,-0.23101486,0.13518177,0.19615573,-0.05391882,-0.3295041,0.3373136,-0.10693198,0.08041589,-0.02838976,-0.3808723,1.5370068027210884,Cmaj
0.6069945,-0.29871127,-0.13733879,-0.0020679778,0.33490914,-0.15198843,-0.28560823,0.34759584,-0.18862592,0.2129052,-0.15215501,-0.28590906,1.5419954648526077,Cmaj
0.62092036,-0.38077775,-0.112937875,0.07090236,0.3389832,-0.30841246,-0.14847218,0.32762998,-0.14329053,0.056632794,-0.024659324,-0.29651865,1.5209977324263038,Cmaj
0.6130503,-0.42083272,-0.11322298,0.08212146,0.3165316,-0.19366722,-0.31685844,0.36940563,-0.037395127,0.020510377,-0.1643987,-0.1552442,1.5120181405895692,Cmaj
0.65984935,-0.27869523,-0.22795874,0.1381928,0.19389404,-0.056316026,-0.32186583,0.3209648,-0.09914339,0.086498074,-0.027592182,-0.3878277,1.549002267573696,Cmaj
0.7127082,-0.4946079,-0.10135535,0.17181987,0.14172831,-0.08421827,-0.23245923,0.19069456,0.041777488,0.06383915,-0.19514206,-0.21478479,1.559002267573696,Cmaj
0.60794127,-0.2982092,-0.13692832,-0.0028307925,0.33453453,-0.1519921,-0.28494552,0.34831294,-0.18798676,0.21140659,-0.1538282,-0.2854744,1.5650113378684807,Cmaj
0.5897457,-0.5561363,0.28845376,-0.20475005,0.261293,-0.10962904,-0.16846788,0.20094264,-0.05103375,0.03360447,-0.0309612,-0.25306132,1.5439909297052155,Cmaj
0.5772515,-0.22537008,-0.24153556,0.14652649,0.2034759,-0.07257738,-0.37509343,0.44012022,-0.17277539,0.06451445,0.0034339016,-0.34797063,1.5419954648526077,Cmaj
0.6290571,-0.38765356,0.08328207,-0.24803427,0.4563699,-0.20487033,-0.11271333,0.025136223,0.110019855,0.06464382,-0.1089291,-0.30630833,1.5470068027210884,Cmaj
0.5988302,-0.23027655,-0.24722992,0.14145641,0.20580116,-0.06414285,-0.36531,0.40863043,-0.15407287,0.07290413,-0.0042751003,-0.36231497,1.5380045351473923,Cmaj
0.39402846,-0.43757197,-0.061708916,0.20891714,0.15353134,-0.1468183,-0.3957927,0.5808062,-0.17001377,-0.038775623,-0.17086396,0.08426207,3.1270068027210884,Cmaj
0.6459031,-0.46261713,0.03309777,-0.033689007,0.28273985,-0.13588798,-0.27027684,0.3196354,-0.081493765,0.036316864,-0.045841444,-0.2878868,1.5819954648526078,Cmaj
0.41110218,-0.44011873,-0.06563622,0.20818022,0.15574583,-0.14474842,-0.39516032,0.57327574,-0.17007427,-0.032339796,-0.16111769,0.060891487,3.080997732426304,Cmaj
0.607372,-0.38796008,0.04193539,-0.19218819,0.46573985,-0.22366506,-0.21428794,0.2121298,0.009176638,0.038576018,-0.08146631,-0.275362,1.5509977324263038,Cmaj
0.4179402,-0.34866434,-0.1309719,0.037834793,0.42232502,-0.22162591,-0.42911884,0.43130437,0.11315844,-0.17338486,-0.1965255,0.07772855,1.5619954648526078,Cmaj
0.65531665,-0.5133813,0.05735712,0.058165334,0.12818654,-0.05202542,-0.26829383,0.32537925,-0.118033804,0.043684553,-0.021330163,-0.2950249,1.616984126984127,Cmaj
0.69232583,-0.37999135,-0.15257742,0.11105588,0.1792865,-0.019358687,-0.3204646,0.25148737,-0.04641897,0.15469791,-0.18182218,-0.2882202,1.6070068027210884,Cmaj
0.74443233,-0.3653066,-0.21844037,0.16702862,0.20253564,-0.15621234,-0.10185269,0.026695028,0.12051821,0.065943286,-0.13405187,-0.3512893,1.5619954648526078,Cmaj
0.437214,-0.21480408,-0.116604835,-0.1512587,0.5505022,-0.30234253,-0.231768,0.28504586,-0.094965994,0.23553218,-0.36209828,-0.034451794,0.9750113378684807,Cmaj
0.21655421,-0.18027996,-0.014556348,-0.25922927,0.652185,-0.38786197,-0.23704152,0.33333042,-0.0024465595,0.017884595,-0.2930877,0.15454897,0.9629931972789115,Cmaj
0.7044936,-0.37823167,-0.24122937,0.3058842,0.06280747,-0.119765565,-0.14126673,0.17948332,-0.049116593,0.09535927,-0.0689036,-0.34951425,1.4280045351473922,Cmaj
0.56766325,-0.20468421,-0.28106877,0.008368307,0.46713936,-0.21506764,-0.33683926,0.30189878,0.03269317,0.06266484,-0.22975214,-0.17301574,0.9240136054421769,Cmaj
0.4071472,-0.27124956,-0.11034509,0.03912445,0.33587787,-0.19990994,-0.4015451,0.59970933,-0.23011965,-0.030846795,0.001340624,-0.13918339,2.909002267573696,Cmaj
0.6440725,-0.43311185,-0.0068438114,0.14443275,0.037094127,-0.09355949,-0.057505693,0.085248,0.09286513,-0.22088811,0.27837336,-0.470177,0.9360090702947845,Cmaj
0.62702554,-0.48129842,0.07973173,0.047558855,0.10169619,-0.053847093,-0.23341157,0.3289336,-0.13187884,-0.044835612,0.14711574,-0.38679016,0.9470068027210884,Cmaj
0.65289885,-0.38255143,-0.20318657,0.32745698,6.520007E-4,-0.07437599,-0.17300995,0.14994793,0.14305845,-0.2092747,0.13897751,-0.37059307,0.9629931972789115,Cmaj
0.5977295,-0.47703674,0.107210055,-2.5430648E-4,0.110254,-0.020390961,-0.24797314,0.34502324,-0.27172807,0.23045075,-0.1031448,-0.27013955,0.9129931972789116,Cmaj
0.7295684,-0.48020944,-0.036844283,0.15780565,-0.024790034,0.03670647,-0.03657568,-0.15062836,0.15584444,0.1614204,-0.2154568,-0.29684076,0.9460090702947845,Cmaj
0.35215998,-0.30537245,0.058123164,-0.15288857,0.44731724,-0.2528314,-0.35401505,0.5587039,-0.20658836,-0.047249466,4.8356972E-4,-0.0978425,4.192902494331066,Cmaj
-0.02267507,-0.3758101,0.39316717,-0.33721703,0.4149668,-0.26993904,-0.16227336,0.3161422,-0.022538079,-0.09624543,-0.23156075,0.3939826,4.136916099773242,Cmaj
0.32126495,-0.36583474,0.1032511,-0.18448184,0.5011255,-0.29961705,-0.32251394,0.48600253,-0.10480617,-0.05323661,-0.14066958,0.05951599,1.7622902494331065,Cmaj
0.3150895,-0.36571637,0.110503264,-0.18176997,0.49562833,-0.30518997,-0.31938177,0.49221998,-0.107201956,-0.058025762,-0.14026918,0.06411389,1.696485260770975,Cmaj
0.34251422,-0.25620806,-0.103626214,-0.07093989,0.5298142,-0.33130953,-0.35189927,0.49470738,-0.071134366,-0.047924783,-0.18079273,0.046799093,2.2054875283446713,Cmaj
0.33715373,-0.4709983,0.15501921,-0.08377406,0.34746116,-0.2216983,-0.34829837,0.53556097,-0.15452667,-0.051211637,-0.14050189,0.0958141,4.123446712018141,Cmaj
0.32301107,-0.5988936,0.44056982,-0.26237196,0.28771275,-0.16428812,-0.18916582,0.3007007,-0.06378163,-0.031064551,-0.14798674,0.10555805,4.084126984126984,Cmaj
0.33984753,-0.4532348,0.2095933,-0.12054636,0.21718808,0.016668448,-0.4966752,0.5340675,-0.13501437,-0.021296326,-0.14140248,0.050804816,1.7156689342403628,Cmaj
0.6128733,-0.42057732,-0.11103937,0.08201849,0.31500363,-0.19518088,-0.3156848,0.37220073,-0.03698933,0.017277917,-0.16686414,-0.1530382,1.5589795918367346,Cmaj
0.5412296,-0.37538698,0.036476314,-0.15629432,0.45224604,-0.23196863,-0.28803557,0.37500644,-0.08643646,0.0043940633,-0.051374894,-0.21985558,3.976598639455782,Cmaj
0.6448844,-0.46317372,0.03725351,-0.033585057,0.28050184,-0.13857996,-0.2689938,0.32456034,-0.082532845,0.03229562,-0.0473205,-0.28530988,3.9611791383219956,Cmaj
0.6218915,-0.31383717,-0.14090978,-0.03194155,0.42281613,-0.21837603,-0.28440624,0.30976132,-0.029572766,0.033828203,-0.08366217,-0.28559157,2.079614512471655,Cmaj
0.6574013,-0.36538485,-0.12766443,0.04555404,0.3121722,-0.16589333,-0.28863934,0.3254333,-0.05531319,0.037585527,-0.07170869,-0.30354252,1.803469387755102,Cmaj
0.48665133,-0.24750656,-0.12582622,-0.15174031,0.60153055,-0.34330392,-0.24185964,0.25100034,0.08033071,0.0011900414,-0.2152776,-0.09518871,1.3511111111111112,Cmaj
0.48925218,-0.3161112,-0.11878178,-0.03982796,0.48713186,-0.29125318,-0.3300281,0.4193635,-0.036009654,-0.0149477245,-0.17746307,-0.071324825,1.8034013605442176,Cmaj
0.44137344,-0.35851365,-0.09379307,0.082521245,0.31997532,-0.21728352,-0.3894458,0.56391144,-0.15625805,-0.035495624,-0.12202935,-0.03496248,1.8166213151927437,Cmaj
0.4870978,-0.2678711,-0.12720688,-0.03197195,0.43898723,-0.24762765,-0.35507235,0.48619443,-0.13562872,-0.011272743,-0.043639027,-0.191989,1.350952380952381,Cmaj
0.6222474,-0.31327295,-0.13759969,-0.03245282,0.42090526,-0.22117282,-0.28273863,0.31517926,-0.029593194,0.028473321,-0.08701754,-0.2829577,1.3817006802721088,Cmaj
0.55229795,-0.2720735,-0.13596207,-0.067983605,0.47854707,-0.2604859,-0.30614504,0.37588188,-0.058076814,0.008744509,-0.07680564,-0.23793882,1.8042630385487528,Cmaj
0.60293204,-0.33326766,-0.13366067,0.018357698,0.36110923,-0.19052258,-0.3219569,0.39247882,-0.08970176,0.020900466,-0.060939606,-0.26572907,3.7030385487528346,Cmaj
0.6581399,-0.3652343,-0.1312991,0.044769604,0.31426117,-0.16255304,-0.28931734,0.31960604,-0.05444072,0.041770153,-0.06975968,-0.30594274,2.189546485260771,Cmaj
0.50689256,-0.21748179,-0.14305995,-0.13546328,0.5589727,-0.29663557,-0.28846037,0.34345472,-0.028688667,0.0047316803,-0.0881063,-0.21615571,1.755374149659864,Cmaj
0.48623174,-0.2678253,-0.12704007,-0.031701837,0.4389301,-0.24785931,-0.3553967,0.48687834,-0.13623409,-0.011253792,-0.043143075,-0.19158606,3.68578231292517,Cmaj
0.6791224,-0.3646768,-0.1270771,0.024838557,0.33758616,-0.18269455,-0.2514217,0.2462517,-0.0067529962,0.05603858,-0.08291012,-0.32830408,3.944580498866213,Cmaj
0.5995631,-0.3479494,-0.12323731,0.04400682,0.33112755,-0.18696377,-0.32588404,0.40940168,-0.10496845,0.02032531,-0.05107274,-0.2643488,2.069546485260771,Cmaj
0.6120425,-0.15487398,-0.2387455,0.109838136,0.15761073,-0.044685367,-0.23395684,0.23553726,-0.07913689,-0.017217891,0.23222142,-0.5786336,1.447687074829932,Cmaj
0.3374964,-0.02762397,-0.26343542,-0.049870208,0.51835763,-0.30135706,-0.33572868,0.46238098,-0.061532218,-0.17426544,0.15733683,-0.26175883,3.554331065759637,Cmaj
0.53142864,-0.22219318,-0.14495663,-0.1410027,0.5601316,-0.29356414,-0.26922312,0.30030212,-0.0014909117,0.013401602,-0.09874464,-0.2340886,1.7389342403628119,Cmaj
0.3707021,-0.33264166,-0.3046989,0.3359551,0.26444146,-0.37721905,-0.09008953,0.16751473,0.19600627,-0.0784231,-0.42345852,0.27191114,1.6132426303854874,Cmaj
0.51040316,-0.2024358,-0.14479427,-0.16274817,0.5852498,-0.3076138,-0.2621424,0.29111618,0.0067942804,0.010965015,-0.101023786,-0.22377013,3.3251020408163265,Cmaj
0.5708191,-0.3224892,-0.1317811,-0.07804174,0.5122929,-0.2829633,-0.2570817,0.2514709,0.0770462,0.013720052,-0.23325235,-0.11973973,1.2879138321995465,Cmaj
0.5045244,-0.29029033,-0.12639411,0.0016384338,0.39207554,-0.2191374,-0.36292988,0.49748695,-0.15051888,-0.008633001,-0.0375395,-0.20028229,3.343968253968254,Cmaj
0.6146419,-0.31497568,-0.13733073,-0.029465213,0.4245282,-0.22594416,-0.28663722,0.3191014,-0.035854455,0.032703273,-0.07893269,-0.28183466,3.9413378684807254,Cmaj
0.50452,-0.29021877,-0.12641506,0.0014957936,0.39227366,-0.21923614,-0.36288446,0.49738514,-0.15042219,-0.00862637,-0.037582554,-0.20028901,3.900385487528345,Cmaj
0.62068146,-0.31964266,-0.13655612,-0.01976541,0.40666378,-0.21407205,-0.2913857,0.33043474,-0.04167669,0.028033927,-0.081493214,-0.28122205,1.641360544217687,Cmaj
0.44626874,-0.1906371,-0.37633651,0.53627557,-0.16673414,-0.13212445,0.026495839,0.19290493,-0.28641036,0.31746444,-0.2143176,-0.15284929,1.035170068027211,Cmaj
0.6253672,-0.32002848,-0.13677828,-0.019894203,0.4041506,-0.2110711,-0.28946605,0.32542846,-0.037366737,0.028092567,-0.084835805,-0.28359818,1.6721315192743764,Cmaj
0.48489833,-0.3187216,-0.116780095,-0.03555168,0.48649296,-0.29502127,-0.3317941,0.42208663,-0.04007689,-0.012177721,-0.17200641,-0.07134828,1.8816780045351473,Cmaj
0.31950676,-0.1247094,-0.12179432,-0.247747,0.6983021,-0.39419314,-0.2280651,0.2572591,0.07441433,-0.021426516,-0.19678967,-0.0147571135,1.8465532879818594,Cmaj
0.31946415,-0.12465148,-0.12180288,-0.24776097,0.69830686,-0.39418617,-0.22811694,0.25738147,0.07430654,-0.02144382,-0.1966844,-0.014812361,1.3825396825396825,Cmaj
0.48928964,-0.24555793,-0.12913223,-0.15434812,0.6023577,-0.3384864,-0.24165405,0.24636069,0.08279946,0.0021780164,-0.21691397,-0.09689274,1.3273015873015872,Cmaj
0.31424734,-0.183282,-0.10975885,-0.15504132,0.6122111,-0.36744937,-0.31375423,0.43612823,-0.035415,-0.0491428,-0.17020723,0.021464173,1.2841950113378684,Cmaj
0.31392202,-0.18356606,-0.10966726,-0.15438877,0.6115085,-0.36716372,-0.31431577,0.43730223,-0.03620939,-0.04932092,-0.16997652,0.021875683,1.284920634920635,Cmaj
0.39691338,-0.1523893,-0.13589278,-0.18071263,0.61400825,-0.33539903,-0.30094346,0.3951635,-0.05662658,-0.01903025,-0.07386802,-0.15122299,3.7298866213151927,Cmaj
0.3149564,-0.1852696,-0.11223003,-0.15319791,0.61379576,-0.36626357,-0.31641847,0.43399635,-0.037331212,-0.04417016,-0.1654972,0.017629633,1.291360544217687,Cmaj
0.3207782,-0.36391956,0.102356,-0.184499,0.50230837,-0.30157048,-0.3218985,0.48624822,-0.104706794,-0.0536296,-0.13991712,0.058450263,1.7617913832199545,Cmaj
0.20511459,-0.19502936,-0.20367011,0.11553554,0.42835838,-0.38909194,-0.31819558,0.5830312,-0.118093394,-0.1183587,-0.16943625,0.17983575,1.3971655328798185,Cmaj
0.3753955,-0.25759366,-0.13170539,-0.08109584,0.5542006,-0.2987786,-0.37642264,0.37959254,0.13411103,-0.15762676,-0.20035863,0.060281888,2.0419501133786846,Cmaj
0.36833432,-0.19163544,-0.113885954,-0.18907277,0.65477234,-0.38849077,-0.25247407,0.29686895,0.057899483,-0.019148368,-0.20838264,-0.014785034,2.21108843537415,Cmaj
0.2932239,-0.35463256,0.01713575,-0.10262946,0.48917902,-0.3565244,-0.10189157,1.938439E-5,0.4280378,-0.24651597,-0.3106544,0.24525248,1.712312925170068,Cmaj
0.13371205,-0.16089723,-0.07569063,-0.062806666,0.4735871,-0.314079,-0.38672927,0.6315403,-0.18975022,-0.09203758,-0.10052946,0.14368069,1.9303174603174602,Cmaj
0.23380475,-0.1362926,-0.10463017,-0.08830018,0.48403662,-0.2879683,-0.38837308,0.61945057,-0.22380498,-0.0674354,-3.746284E-4,-0.040112644,2.322199546485261,Cmaj
0.3096143,-0.30915263,-0.00345223,-0.036706667,0.43372333,-0.35606262,-0.29905352,0.591975,-0.20388906,-0.10283966,-0.011097532,-0.013058694,1.714467120181406,Cmaj
0.51599896,-0.3744354,-0.11568623,0.0046312246,0.43558618,-0.2595487,-0.32355225,0.38754538,0.008839163,-0.016274095,-0.2604032,-0.0027009794,1.6065759637188208,Cmaj
0.025633574,-0.04581045,-0.07458254,-0.079821564,0.4125114,-0.25690818,-0.3943723,0.69582015,-0.29989287,-0.106059894,0.043864265,0.07961838,3.2128344671201816,Cmaj
0.20472912,-0.5104934,0.09867404,0.13081844,0.22552194,-0.31582603,-0.21857184,0.49922547,-0.08897776,-0.13865285,-0.25098783,0.36454073,1.5343310657596372,Cmaj
0.33710536,-0.47143036,0.15330493,-0.08294753,0.3490998,-0.22180694,-0.34977117,0.534633,-0.15526779,-0.04873986,-0.13834341,0.09416401,2.182857142857143,Cmaj
0.19798239,-0.46458015,0.17744924,-0.048015833,0.31050742,-0.23710985,-0.32813677,0.5298812,-0.113485895,-0.08230514,-0.24382612,0.3016395,4.053650793650793,Cmaj
0.32494417,-0.36631146,0.099204145,-0.18579517,0.50463426,-0.29701224,-0.32413065,0.48172992,-0.10357813,-0.049704134,-0.13982734,0.055846587,4.021904761904762,Cmaj
0.4954387,-0.5064661,0.112007715,-0.041802797,0.31527632,-0.20188388,-0.31804663,0.4566049,-0.10599412,-0.024057662,-0.1440806,-0.036995877,1.6067120181405896,Cmaj
0.54296327,-0.3741914,0.032608062,-0.15757611,0.45483714,-0.2294583,-0.28874603,0.37046096,-0.084593795,0.0070966426,-0.05139418,-0.2220063,3.713219954648526,Cmaj
0.5067051,-0.50604546,0.098928735,-0.047154706,0.3251703,-0.19168527,-0.32231194,0.44224215,-0.10079466,-0.014116581,-0.14357261,-0.047364984,3.68843537414966,Cmaj
0.54412556,-0.3732432,0.032138858,-0.15903082,0.45510566,-0.22856207,-0.28811204,0.36998346,-0.08348347,0.0060025584,-0.05308849,-0.22183593,1.3021768707482992,Cmaj
0.2741744,-0.40190864,0.11488572,-0.045492005,0.30852017,-0.20258498,-0.38310742,0.6265425,-0.22965284,-0.07122177,-0.08056442,0.09040926,1.7201133786848073,Cmaj
0.3011135,-0.3302235,0.06747503,-0.03420103,0.28032017,-0.16954719,-0.394591,0.6566891,-0.3009898,-0.058859814,0.046567015,-0.06375246,1.2774829931972789,Cmaj
0.3168072,-0.36495662,0.10665418,-0.18250681,0.49937928,-0.30455476,-0.32068014,0.48916075,-0.10619525,-0.055318475,-0.139258,0.061468713,1.303424036281179,Cmaj
0.48435655,-0.23350294,-0.13109449,-0.09598699,0.5198737,-0.29092935,-0.3218373,0.41979703,-0.0792913,-0.0067836856,-0.06742215,-0.19717911,2.525487528344671,Cmaj
0.31864494,-0.20249267,-0.1058585,-0.022741275,0.40576953,-0.242248,-0.40259543,0.62876034,-0.23393556,-0.05700955,-0.0026250787,-0.083668806,2.2008163265306124,Cmaj
0.34781355,-0.5736073,0.020382063,0.47791404,-0.16483806,-0.244122,-0.03521357,0.41251582,-0.18791717,-0.1463684,0.015861904,0.077579096,1.4466439909297053,Cmaj
