-0.010339722,0.047915548,0.032115497,0.061888494,-0.002364692,-0.3794016,0.482299,0.034795735,-0.41982266,0.018845262,0.5303746,-0.39630535,4.9484580498866215,Fmaj
0.0014120654,-0.009622332,-0.1015922,0.2855885,-0.2692722,0.18100007,-0.3566078,0.61357456,-0.49288672,0.04839804,0.20625982,-0.10625184,2.4742403628117913,Fmaj
0.69774884,-0.28040123,-0.1387398,-0.060558766,0.2404527,0.10558718,-0.34118778,0.038852368,0.13461094,0.18249385,-0.23577185,-0.3430865,1.5999773242630386,Fmaj
0.6278635,-0.42409796,0.0921588,-0.22198422,0.39660943,-0.094104476,-0.24636047,0.1195893,0.045190204,0.1545834,-0.2188701,-0.23057747,1.5999773242630386,Fmaj
0.61336327,-0.28090596,-0.108316496,-0.02125666,0.22353472,0.04227605,-0.39243555,0.33278725,-0.16997492,0.24326184,-0.16437383,-0.31795973,1.6,Fmaj
0.5100784,-0.10812685,-0.14544664,-0.21232334,0.32779032,0.21644041,-0.5168149,0.12397177,0.101697624,0.24705705,-0.32512096,-0.2192028,1.6,Fmaj
0.27467442,-0.022125918,0.0035175728,-0.07041942,-0.20315996,0.50995696,-0.35840315,0.10106937,-0.2751669,0.53105706,-0.26570338,-0.22529663,1.6901360544217687,Fmaj
0.44763443,-0.13173757,-0.025917253,-0.029436704,-0.14411227,0.4256721,-0.33760595,0.08717045,-0.21842255,0.49638844,-0.26434627,-0.30528677,1.6901360544217687,Fmaj
0.010218818,0.10388706,0.08280736,-0.07633475,-0.31252483,0.44969764,-0.110017315,0.004833822,-0.4280551,0.63966477,-0.23536748,-0.12880997,2.051292517006803,Fmaj
0.49077657,-0.06601514,-0.054966275,-0.17607245,0.033815354,0.3535261,-0.24365933,-0.11611361,-0.07286104,0.5330586,-0.3334117,-0.34807706,2.0471201814058957,Fmaj
0.4480588,-0.12189038,-0.030977143,-0.040112864,-0.1470773,0.44536078,-0.33152,0.05585768,-0.19604191,0.49383405,-0.26636827,-0.30912346,2.051292517006803,Fmaj
0.08570677,0.10724007,0.008756459,-0.1287593,-0.24286425,0.646985,-0.42396325,-0.009677154,-0.094590746,0.44159982,-0.311213,-0.07922036,2.051292517006803,Fmaj
0.44774446,-0.13185976,-0.025962684,-0.029361269,-0.14398688,0.42549548,-0.3376872,0.08743119,-0.21853398,0.4963161,-0.2643033,-0.3052921,1.621609977324263,Fmaj
0.44756195,-0.13175625,-0.025894372,-0.029410081,-0.1441794,0.42583412,-0.33789408,0.08742455,-0.21841475,0.49616462,-0.26419762,-0.30523857,1.621609977324263,Fmaj
0.09397547,0.11003835,0.0018884067,-0.13304639,-0.23123348,0.63327473,-0.40757477,-0.014084073,-0.108091734,0.46339992,-0.3280785,-0.08046788,2.857142857142857,Fmaj
0.5987454,-0.34491226,-0.047170505,-0.028699894,0.11299247,0.25973028,-0.52635306,0.20525435,0.11488285,0.09402291,-0.25015312,-0.18833953,2.850408163265306,Fmaj
0.3983487,-0.31682983,0.024397084,0.086647764,-0.18878092,0.47789255,-0.58528584,0.2625149,0.03399592,0.08132735,-0.21447913,-0.059748575,2.857142857142857,Fmaj
0.334965,-0.19505064,0.11074082,0.065884314,-0.42809752,0.5990816,-0.34099516,0.06663359,-0.1284869,0.20654276,0.039718837,-0.33093664,2.857142857142857,Fmaj
0.37802696,-0.085662246,0.0011357979,-0.05301191,-0.2163421,0.541679,-0.37416276,0.032122847,-0.15215872,0.45173714,-0.23408952,-0.28927442,2.4489795918367347,Fmaj
0.37836152,-0.08579221,0.0010275679,-0.052986015,-0.21610782,0.5413072,-0.3738283,0.031950567,-0.15225041,0.45204526,-0.23430534,-0.289422,2.449002267573696,Fmaj
0.3973304,-0.12761861,0.009968474,-0.028512402,-0.2361034,0.58062106,-0.45981246,0.08320663,-0.07639956,0.30976057,-0.15703431,-0.2954064,2.4489795918367347,Fmaj
0.40161034,-0.08476545,-0.029252354,-0.051089488,-0.12784563,0.38381758,-0.2517953,0.032507814,-0.26643166,0.5913218,-0.3139432,-0.28413454,2.4489795918367347,Fmaj
-0.06672147,-0.09670809,0.1982455,-0.009653009,-0.43359062,0.65157855,-0.37059507,-0.0112435995,0.018401671,0.22267067,-0.31729066,0.21490607,4.433015873015873,Fmaj
0.36865512,-0.066187665,-0.27500734,0.45670578,-0.44768706,0.24058616,0.013673715,-0.009774606,-0.25931102,0.37929282,-0.087709144,-0.31323686,3.463015873015873,Fmaj
0.2852799,-0.17256787,-0.31790957,0.47885233,-0.32549757,0.33320162,-0.3789794,0.08611627,0.22663796,-0.019289069,-0.34240326,0.14655864,1.7190022675736962,Fmaj
0.4060859,-0.12994161,-0.061013807,0.0725882,-0.2998494,0.58098626,-0.3299867,-0.24919407,0.35399944,0.0070973476,-0.06609773,-0.28467387,1.6549886621315193,Fmaj
0.22658634,0.0874494,-0.14085115,-0.14543541,0.07781461,0.22431879,0.009161778,-0.51410216,0.2935524,0.44344237,-0.5441804,-0.017756592,4.9484580498866215,Fmaj
0.139341,0.13559173,-0.030594632,-0.16371833,-0.15961298,0.49817455,-0.13569702,-0.32690114,4.9111695E-4,0.5823387,-0.42927667,-0.11013631,2.4742403628117913,Fmaj
0.6198245,-0.25500578,-0.13921715,0.009703456,0.041570857,0.3232185,-0.38594872,-0.12212016,0.34440368,0.08376955,-0.2725758,-0.24762303,1.5999773242630386,Fmaj
0.33383653,-0.033001255,-0.0026334284,-0.060016744,-0.14001253,0.35471416,-0.26917258,0.21284337,-0.44470477,0.4967893,-0.030064115,-0.41857797,1.5999773242630386,Fmaj
0.48350313,-0.0666598,-0.02329974,-0.09145512,-0.16766644,0.4917079,-0.21210675,-0.29378206,0.22823437,0.11489232,0.06751706,-0.53088486,1.6,Fmaj
0.5603928,-0.22420348,-0.032033358,-0.022617355,-0.10918219,0.38022155,-0.19230495,-0.24809192,0.11533902,0.40557596,-0.33816665,-0.2949295,1.6,Fmaj
0.39933604,-0.08534867,-0.025548656,-0.049190734,-0.13109902,0.38180622,-0.25178507,0.037085235,-0.27013868,0.5921206,-0.31461734,-0.28262007,1.6901360544217687,Fmaj
0.62090504,-0.26847517,-0.06364753,0.024937615,-0.083825245,0.3958368,-0.40034243,-0.006630353,0.124330826,0.20163174,-0.20446555,-0.34025568,1.6901360544217687,Fmaj
0.5772159,-0.30171996,-0.101340584,0.07411587,0.035790447,0.2402973,-0.51993865,0.32937506,-0.062718056,0.15772043,-0.18763237,-0.24116544,2.051292517006803,Fmaj
0.49420914,-0.18832414,-0.029131211,-0.002841145,-0.15121165,0.4662369,-0.43523738,0.13948832,-0.12861545,0.34043536,-0.1805692,-0.3244394,2.0471201814058957,Fmaj
0.5326212,-0.23325898,0.015561467,0.042456374,-0.22835171,0.38340434,-0.18988673,-0.029141039,-0.1819923,0.4524545,-0.16574132,-0.39812583,2.051292517006803,Fmaj
0.60226214,-0.2994471,-0.1361648,0.057143893,0.06917892,0.27653834,-0.5310061,0.15668048,0.21567068,0.0156171685,-0.22612958,-0.200344,2.051292517006803,Fmaj
0.33061826,-0.05103003,-0.026518038,-0.07339517,-0.18390888,0.6189043,-0.48805586,-0.11329792,0.34055886,-0.082003355,0.0290418,-0.30091396,1.621609977324263,Fmaj
0.2518718,-3.5525011E-4,0.050738376,-0.0743564,-0.26104215,0.568459,-0.4072699,0.07167845,0.024368232,-0.08182896,0.34645244,-0.48871562,1.621609977324263,Fmaj
0.014317269,0.12685007,0.063888244,-0.12122521,-0.3205255,0.7216083,-0.5136729,0.07684162,0.015820757,0.032396734,0.13319325,-0.2294927,1.621609977324263,Fmaj
0.049581625,0.15902106,0.05326534,-0.1495165,-0.30581298,0.68887246,-0.42249012,0.04057843,-0.15809709,0.33172256,-0.037271995,-0.24985282,1.621609977324263,Fmaj
0.6076739,-0.24522878,-0.0742784,0.0247716,-0.009994987,0.19586387,-0.2247762,0.08550357,-0.20353965,0.47403958,-0.2728691,-0.35716543,2.857142857142857,Fmaj
0.14396666,0.23962006,-0.109170645,-0.123084255,-0.23786288,0.64495105,-0.31739777,-0.172783,-0.025932062,0.41882887,-0.16260265,-0.2985335,2.850408163265306,Fmaj
0.488538,-0.13316007,-0.014537777,-0.047226407,-0.18952453,0.48883674,-0.2654766,-0.13053882,-0.028356574,0.43572834,-0.2496225,-0.3546598,2.857142857142857,Fmaj
0.41992533,-0.14836843,-0.033059813,-0.0051356237,-0.11033998,0.37980935,-0.41287526,0.257845,-0.29868352,0.442971,-0.2281611,-0.26392695,2.857142857142857,Fmaj
0.46173105,-0.1361879,-0.027327407,-0.030108836,-0.14300573,0.4232311,-0.3259325,0.067922816,-0.20325224,0.4946435,-0.26844957,-0.31326416,2.4489795918367347,Fmaj
0.5645923,-0.18042447,-0.040397175,-0.025597123,-0.120627694,0.37332836,-0.20660613,-0.11984054,-0.054849822,0.4628738,-0.27467328,-0.3777782,2.449002267573696,Fmaj
0.5565294,-0.20307104,-0.04413637,-0.0019176737,-0.102263056,0.35698792,-0.3033098,0.054933816,-0.15340027,0.4479328,-0.25418466,-0.35410103,2.4489795918367347,Fmaj
0.57395566,-0.26199108,-0.07881922,0.05038232,0.017670859,0.16110492,-0.31376854,0.26324445,-0.28111348,0.4115857,-0.22797774,-0.3142737,2.4489795918367347,Fmaj
0.31152725,-0.086477466,0.0049331086,-0.049886856,-0.23527862,0.62068397,-0.4020862,-0.24914506,0.4209656,-0.032085992,-0.10458175,-0.19856803,4.9484580498866215,Fmaj
0.4997858,-0.15215841,-0.041841578,-0.042725615,-0.1580354,0.51876026,-0.31982353,-0.24687749,0.25437507,0.2293651,-0.23434022,-0.30648395,2.4742403628117913,Fmaj
0.18667063,-0.035823833,0.04814966,-0.06682111,-0.25041497,0.5120729,-0.23594433,-0.11541471,-0.13107471,0.5821522,-0.45328525,-0.040266566,1.5999773242630386,Fmaj
0.50339013,-0.12471445,-0.0074431254,-0.056934036,-0.20297265,0.5306174,-0.2890011,-0.21898983,0.2070568,0.14061616,-0.02299386,-0.45863134,1.5999773242630386,Fmaj
0.49497357,-0.22561926,-0.056720033,0.026869304,-0.0936681,0.44612664,-0.56428504,0.22767353,-0.008185818,0.17446223,-0.17397825,-0.24764884,1.6,Fmaj
-0.08779709,0.037200525,0.06306918,-0.036275778,-0.20444018,0.41997224,-0.41715616,0.3496613,-0.39109683,0.43275878,-0.32498285,0.15908691,1.6,Fmaj
0.49001735,-0.2570588,0.003591841,0.076844595,-0.17409809,0.33031896,-0.34112704,0.2503854,-0.30992058,0.38410965,-0.11887403,-0.33418933,1.6901360544217687,Fmaj
0.49983796,-0.14881015,-0.039713815,-0.044607062,-0.16158165,0.51858693,-0.31431687,-0.23922105,0.22478391,0.25889072,-0.24184448,-0.31200442,1.6901360544217687,Fmaj
0.33770216,-0.0770851,-0.022420634,-0.058678128,-0.20780754,0.64187014,-0.51993513,-0.011296527,0.11011875,0.22555342,-0.21432585,-0.20369557,2.051292517006803,Fmaj
0.5891055,-0.31897277,-0.015229324,0.082827374,-0.19296688,0.43189463,-0.34034082,-0.108573824,0.2642144,0.01365189,-0.060548242,-0.34506193,2.0471201814058957,Fmaj
0.5370829,-0.3625867,-0.06853381,0.087200895,-0.010545823,0.29079178,-0.4648343,0.111668326,0.14588681,0.19282447,-0.4425222,-0.01643245,1.621609977324263,Fmaj
0.40298063,-0.09656248,-0.0035076137,-0.062485795,-0.23481661,0.612402,-0.35833824,-0.22094217,0.22219488,0.2205927,-0.2019806,-0.27953678,1.621609977324263,Fmaj
0.6653878,-0.31412816,-0.10599476,0.06493136,-0.0030766586,0.20236994,-0.14940979,-0.28723952,0.3671569,0.10836913,-0.25938827,-0.28897807,1.621609977324263,Fmaj
0.6067284,-0.20853896,-0.1312299,-0.018239208,0.024577845,0.32832673,-0.32879877,-0.13816248,0.20152657,0.2965084,-0.37359518,-0.25910354,1.621609977324263,Fmaj
0.2739519,-0.16249356,-0.023022104,0.032925513,-0.13221663,0.50014496,-0.6889021,0.35237065,0.08167217,-0.11369208,-0.017534833,-0.10320384,2.857142857142857,Fmaj
0.37109897,-0.094672695,-0.060880255,-0.17670475,0.12021197,0.4491504,-0.66239065,0.12960032,0.30705687,-0.095865875,-0.11088453,-0.17571981,2.850408163265306,Fmaj
0.36790106,-0.19286013,0.04732336,0.042781066,-0.34320986,0.6153497,-0.35709167,-0.19167772,0.31368232,-0.025688205,-0.025570467,-0.25093946,2.857142857142857,Fmaj
0.2632009,0.048720684,-0.58623314,0.59752065,-0.0532179,-0.27486852,0.13322411,-0.057422183,0.21274208,-0.2273227,0.09368521,-0.15002938,2.857142857142857,Fmaj
0.5377614,-0.208933,-0.049679957,-0.0028021955,-0.13017376,0.4920614,-0.4559449,-0.0038883442,0.12164569,0.215776,-0.2171677,-0.29865453,2.4489795918367347,Fmaj
0.27462006,-0.020908292,0.0044544847,-0.06936736,-0.19730256,0.4884793,-0.33198372,0.08480493,-0.28681412,0.55950904,-0.27820057,-0.22729126,2.449002267573696,Fmaj
0.52745426,-0.2016911,-0.050047327,-0.0064169415,-0.13237475,0.5027968,-0.4626211,-0.013746735,0.14047801,0.2055257,-0.2205113,-0.28884545,2.4489795918367347,Fmaj
0.52597207,-0.19779927,-0.05243688,-0.008882441,-0.1298984,0.5001257,-0.45542243,-0.010017077,0.10856898,0.23953974,-0.22344321,-0.2963068,2.4489795918367347,Fmaj
-0.0697015,-0.26202297,0.5865574,-0.3312592,-0.20249076,0.349446,-0.19334267,0.22373892,-0.37815687,0.27351367,-0.04466364,0.048381615,4.9484580498866215,Fmaj
0.11771527,0.04013234,-0.17573962,0.24497285,-0.31399596,0.29640973,-0.17974639,0.20801237,-0.45453462,0.5712404,-0.31114694,-0.043319356,2.4742403628117913,Fmaj
0.41573554,-0.14213826,-0.13153934,-0.12968503,0.3233799,0.13225694,-0.6131998,0.4305808,-0.07064075,0.1377963,-0.21650548,-0.13604076,1.5999773242630386,Fmaj
0.30425024,-0.24245115,-0.08338237,-0.11544426,0.5302506,-0.3261573,-0.23661815,0.30854598,-0.04652093,0.17768128,-0.46629426,0.19614042,1.5999773242630386,Fmaj
0.22671957,-0.08029768,-0.05614868,-0.27481666,0.3764069,0.21915506,-0.6256847,0.15520346,0.3775311,-0.12876414,-0.2961032,0.10679897,1.6,Fmaj
0.48400635,-0.1644418,0.035156343,-0.20323989,0.06585115,0.40309387,-0.5191066,0.20862055,-0.08882686,0.21143863,-0.028936462,-0.4036152,1.6,Fmaj
0.48972282,-0.08585417,-0.016834218,-0.08083993,-0.19070646,0.5142019,-0.2367469,-0.23045412,0.080897,0.33360013,-0.12761803,-0.4493681,1.6901360544217687,Fmaj
0.44478655,-0.12620097,-0.025931826,-0.033040058,-0.14449644,0.42421925,-0.32219735,0.0659964,-0.21615921,0.51096404,-0.270946,-0.30699432,1.6901360544217687,Fmaj
0.30537888,-2.3862964E-4,-0.036377,-0.09834222,-0.15168715,0.4973924,-0.302736,-0.06399167,-0.14336379,0.571919,-0.3753978,-0.20255597,2.051292517006803,Fmaj
0.47207603,-0.10493149,-0.040320158,-0.0671229,-0.1545411,0.49074042,-0.2528835,-0.23903781,0.1029419,0.41354513,-0.31723973,-0.3032268,2.0471201814058957,Fmaj
0.3574047,-0.043791756,-0.062299613,-0.08929625,-0.14190623,0.5878649,-0.42736796,-0.16578121,0.20263278,0.300401,-0.3517992,-0.16606125,2.051292517006803,Fmaj
0.31303343,0.006956041,-0.016268948,-0.11417376,-0.20777236,0.5722247,-0.2516417,-0.26885495,0.07593237,0.45759228,-0.34064546,-0.22638157,2.051292517006803,Fmaj
0.57648957,-0.18425846,-0.059060425,-0.02981691,-0.102038756,0.3982079,-0.23312812,-0.20741196,0.10999469,0.37609845,-0.2963546,-0.34872139,1.621609977324263,Fmaj
0.5631635,-0.18341362,-0.03757122,-0.022074884,-0.122443914,0.37064213,-0.20819461,-0.11639865,-0.0589684,0.46604547,-0.2724362,-0.3783497,1.621609977324263,Fmaj
0.49560314,-0.14636976,-0.05143299,-0.03674134,-0.12681557,0.47406453,-0.3756866,-0.0349129,-0.009035872,0.40875548,-0.30756018,-0.2898681,1.621609977324263,Fmaj
0.49685773,-0.14503285,-0.0561228,-0.039093662,-0.12200673,0.47481853,-0.37443697,-0.039807547,-0.006364395,0.40841246,-0.30617642,-0.29104736,1.621609977324263,Fmaj
0.44238806,-0.12650841,-0.022831189,-0.032998405,-0.15331739,0.43984756,-0.3348398,0.06659789,-0.20531197,0.49733558,-0.26280746,-0.30755448,2.857142857142857,Fmaj
0.550904,-0.1717266,-0.0368596,-0.02932168,-0.13019331,0.3897423,-0.2139864,-0.122050606,-0.056191474,0.46661487,-0.27290124,-0.37403005,2.850408163265306,Fmaj
0.55075437,-0.17185013,-0.036552746,-0.02912692,-0.13052873,0.38976812,-0.21415809,-0.121784694,-0.05638178,0.4666936,-0.272809,-0.374024,2.857142857142857,Fmaj
0.4572257,-0.15203471,0.0033342259,-9.0008136E-4,-0.18997322,0.3468082,-0.13685481,-0.043518957,-0.26209348,0.5802357,-0.25571012,-0.34651852,2.857142857142857,Fmaj
0.4404955,-0.09166197,-0.012573445,-0.062999465,-0.18153839,0.45914698,-0.2167526,-0.13347127,-0.10364903,0.52769715,-0.29594523,-0.32874826,2.4489795918367347,Fmaj
0.49021,-0.11552888,-0.04471359,-0.06306966,-0.14382847,0.47330603,-0.24499671,-0.23735294,0.10389579,0.41220316,-0.32101047,-0.30911428,2.449002267573696,Fmaj
0.33156028,-0.0064969324,-0.018416917,-0.10900811,-0.20514087,0.571274,-0.25852403,-0.26795727,0.08994488,0.44223985,-0.33430603,-0.23516893,2.4489795918367347,Fmaj
0.49694365,-0.14508034,-0.056140505,-0.039060656,-0.12190506,0.47455293,-0.3742599,-0.03963947,-0.0067619802,0.40870696,-0.30623448,-0.2911211,2.4489795918367347,Fmaj
-0.26313537,0.0659843,0.4363083,-0.30397108,-0.22217911,0.22043335,0.19804919,-0.26144338,0.090015456,-0.2883589,0.5468814,-0.2185843,0.7709977324263039,Fmaj
0.09509027,-0.06765755,-0.25134742,0.42148486,-0.38074666,0.430045,-0.47676864,0.18385386,0.25176957,-0.27723557,-0.040838547,0.11235084,4.9484580498866215,Fmaj
0.09205935,-0.0134441005,-0.25098816,0.46416324,-0.5370675,0.48151252,-0.23830521,-0.12919451,0.30474168,-0.13763025,-0.07568727,0.039840195,2.4742403628117913,Fmaj
0.47843757,-0.10776876,-0.16904923,-0.19114098,0.32713988,0.22801769,-0.49228463,-0.058397904,0.41720885,0.016663326,-0.30967903,-0.13914683,1.5999773242630386,Fmaj
0.48035476,-0.054227844,-0.1666935,-0.2191248,0.28550914,0.2533902,-0.3946748,-0.12102572,0.24077378,0.30714744,-0.43827507,-0.1731536,1.5999773242630386,Fmaj
0.45977995,-0.050744843,-0.13237818,-0.21317282,0.26069975,0.21777083,-0.38608631,0.059829954,-0.063869976,0.481883,-0.4115772,-0.22213416,1.6,Fmaj
0.3618732,-0.043927748,-0.07133804,-0.09193383,-0.13159004,0.5863895,-0.4254862,-0.17224054,0.20492198,0.3005889,-0.34688717,-0.17036998,1.6,Fmaj
0.4215322,-0.13247345,-0.015976889,-0.036847282,-0.2098359,0.6056581,-0.47622505,-0.037087586,0.12849264,0.204974,-0.18513156,-0.26707926,1.6901360544217687,Fmaj
0.5127807,-0.17229474,-0.012501692,-0.017114164,-0.17931819,0.5151716,-0.4438869,0.03359015,0.09000394,0.08819554,0.026528709,-0.44115496,1.6901360544217687,Fmaj
0.44274637,-0.09259366,-0.01577722,-0.064536095,-0.18195121,0.47058782,-0.22584735,-0.13776971,-0.09082521,0.5152643,-0.28808415,-0.3312139,2.051292517006803,Fmaj
0.48407307,-0.18506894,-0.02139228,-0.002411628,-0.16400082,0.4777266,-0.43652797,0.1290427,-0.12291521,0.34230533,-0.17647374,-0.32435718,2.0471201814058957,Fmaj
0.36187884,-0.04373552,-0.07125811,-0.09206807,-0.13170107,0.58622956,-0.4247146,-0.17274363,0.20432816,0.30158466,-0.34716573,-0.17063457,2.051292517006803,Fmaj
0.4887129,-0.18511324,-0.019344723,-0.0017922487,-0.16142552,0.46260458,-0.4239929,0.13585868,-0.1389555,0.35778108,-0.19143488,-0.32289836,2.051292517006803,Fmaj
0.060001645,0.13397957,0.054473218,-0.12692046,-0.30675924,0.5147657,0.018812543,-0.45409596,0.028318556,0.52380097,-0.3204913,-0.12588514,1.621609977324263,Fmaj
0.015087707,0.15438862,0.078142114,-0.12989889,-0.30442202,0.57478213,-0.31391025,0.13680482,-0.38347736,0.44548133,-0.014245229,-0.25873286,1.621609977324263,Fmaj
0.48594293,-0.10203671,-0.053859834,-0.14344023,0.05853023,0.3237385,-0.36457786,0.10333739,-0.1843587,0.4998438,-0.30225816,-0.32086134,1.621609977324263,Fmaj
0.34961918,-0.08980281,-0.0259026,-0.050060228,-0.19536476,0.62465614,-0.54189336,0.0394027,0.087385096,0.21913648,-0.22055595,-0.19661996,1.621609977324263,Fmaj
0.55267596,-0.17170073,-0.039575964,-0.029050356,-0.12227371,0.37573966,-0.20348163,-0.12169005,-0.06596271,0.47804213,-0.27937824,-0.3733444,2.857142857142857,Fmaj
0.27886274,-0.021366531,5.994113E-4,-0.07108209,-0.19417734,0.49267054,-0.34353212,0.10147471,-0.28750628,0.54589844,-0.27736062,-0.22448078,2.850408163265306,Fmaj
0.6656502,-0.29015175,-0.08521088,0.043660592,0.015098131,0.15749784,-0.21198396,0.06594794,-0.1392278,0.40534112,-0.24540742,-0.38121408,2.857142857142857,Fmaj
0.09159496,0.11224625,0.005780872,-0.13325842,-0.23506445,0.6292488,-0.3915911,-0.034518898,-0.105107084,0.47653186,-0.33217782,-0.083684996,2.857142857142857,Fmaj
0.34531322,-0.05683639,0.012817788,-0.06619719,-0.24448355,0.63526684,-0.49329692,0.038134366,0.07265443,0.07391069,0.06914547,-0.38642886,2.4489795918367347,Fmaj
0.25128317,-0.0032601238,0.047869198,-0.09278708,-0.3219031,0.681699,-0.3538693,-0.13750051,0.017442381,0.34223244,-0.17633702,-0.254869,2.449002267573696,Fmaj
0.26631397,-0.0064215926,0.017222965,-0.098491244,-0.2789208,0.6795075,-0.36254752,-0.2426516,0.20995988,0.23735277,-0.20800577,-0.21331865,2.4489795918367347,Fmaj
0.3170263,0.038341403,0.016520133,-0.13246135,-0.25972402,0.611791,-0.23764257,-0.26160258,0.043008287,0.37835133,-0.12142554,-0.39218238,2.4489795918367347,Fmaj
0.18043312,-0.0012401927,0.100732885,-0.09174238,-0.34384888,0.604402,-0.24235325,-0.09524252,-0.18249987,0.5146983,-0.24450713,-0.1988321,1.4239909297052153,Fmaj
0.36034578,-0.2227276,0.19428584,-0.1328128,-0.25123426,0.5917346,-0.4093718,0.050849378,-0.09009872,0.29744938,-0.12460826,-0.26381156,2.3219954648526078,Fmaj
0.3440806,-0.14882338,0.17467777,-0.16293016,-0.25388023,0.5656208,-0.24621165,-0.14314243,-0.081216656,0.4515434,-0.22190359,-0.27781445,2.3070068027210886,Fmaj
0.4044175,-0.015367154,0.024798311,-0.23391354,-0.037353355,0.39298356,-0.10103479,-0.30948463,-0.026493996,0.5484411,-0.25919178,-0.3878012,1.4770068027210885,Fmaj
0.36203098,0.03364739,-0.1947033,0.0463059,-0.081896394,0.37550005,-0.48661083,0.33836588,-0.29090315,0.3183318,-0.044851933,-0.3752165,1.3590022675736961,Fmaj
0.2679062,-0.18244232,0.26778564,-0.2314056,-0.25720727,0.63277704,-0.28219214,-0.26875076,0.1898266,0.22408992,-0.18618326,-0.174204,4.9484580498866215,Fmaj
0.06556679,0.091882184,-0.091547176,0.19059359,-0.5259281,0.62455064,-0.23694193,-0.08588708,-0.10798838,0.3814185,-0.2180374,-0.087681815,2.4742403628117913,Fmaj
-0.046969812,0.11475692,0.03650764,-0.22054271,-0.0054156845,0.3942918,-0.39240682,0.17642704,-0.2793713,0.5437794,-0.45101482,0.12995827,1.5999773242630386,Fmaj
0.32456544,-0.3998933,0.47793385,-0.4907459,0.17483148,0.26241192,-0.31865263,0.053523466,0.026530575,0.15206972,-0.17226434,-0.090310216,1.5999773242630386,Fmaj
0.14650245,0.103538394,-0.07592153,-0.27015033,0.104892716,0.5303944,-0.5659147,-0.12558597,0.43299398,0.0028789048,-0.27027622,-0.013352019,1.6,Fmaj
0.14233673,0.10588814,-0.07090661,-0.27290604,0.10342032,0.53514045,-0.5876278,-0.085529104,0.40565607,0.006617332,-0.27322242,-0.00886697,1.6,Fmaj
0.06769481,0.07559445,0.008098506,-0.107054114,-0.2555099,0.71638405,-0.5609144,0.03404252,0.081335574,0.18553357,-0.20260412,-0.042601008,1.6901360544217687,Fmaj
0.011028053,0.0093370015,0.035804514,-0.027868064,-0.27998832,0.5882099,-0.3423764,-0.28479153,0.54898673,-0.26830456,-0.023276344,0.033238955,1.6901360544217687,Fmaj
0.45091212,-0.2583679,-0.025860356,0.06798103,-0.10655056,0.38178673,-0.5737217,0.3910699,-0.11833686,0.06852304,-0.019882847,-0.25755268,2.051292517006803,Fmaj
0.47233173,-0.21562982,-0.073796205,0.012226004,-0.07309465,0.45108977,-0.4713087,-0.10421083,0.45823634,-0.1455569,-0.11219937,-0.19808722,2.0471201814058957,Fmaj
0.5182658,-0.19294228,-0.052241873,-0.012403152,-0.13536374,0.5145118,-0.46185052,-0.014883971,0.123408325,0.21943542,-0.21203817,-0.29389775,2.051292517006803,Fmaj
0.35341325,-0.09069358,-0.031690467,-0.051358283,-0.18897304,0.62418157,-0.5402767,0.03214136,0.089795396,0.2218902,-0.21776234,-0.20066746,2.051292517006803,Fmaj
0.49836057,-0.14515115,-0.06032132,-0.04008491,-0.11708098,0.47432646,-0.37418854,-0.043739796,-0.0040055653,0.40834218,-0.30365154,-0.2928054,1.621609977324263,Fmaj
0.58939797,-0.21181092,-0.10498115,-0.0043081967,-0.0015047734,0.29907027,-0.318415,0.009550924,-0.0561353,0.44201854,-0.33878452,-0.30409777,1.621609977324263,Fmaj
0.6495172,-0.23955153,-0.09586595,-2.4326354E-4,-0.004023293,0.24172078,-0.15907356,-0.19965763,0.092995964,0.38823304,-0.3106312,-0.3634206,1.621609977324263,Fmaj
0.49815804,-0.14497556,-0.06026575,-0.04017869,-0.117227964,0.47454974,-0.3741397,-0.044003103,-0.0038632404,0.40838137,-0.30369803,-0.292737,1.621609977324263,Fmaj
0.4769841,-0.102038905,-0.04442493,-0.070461385,-0.14638971,0.47866008,-0.23874491,-0.24116795,0.09471778,0.4247637,-0.32984483,-0.302053,2.857142857142857,Fmaj
0.37583545,-0.08630097,0.0050374065,-0.0511289,-0.2201276,0.5404995,-0.37462682,0.036462028,-0.15525572,0.45207566,-0.23453778,-0.28793225,2.850408163265306,Fmaj
0.33907643,0.106560715,-0.12121326,-0.09044024,-0.14733368,0.4767468,-0.21731533,-0.16091612,-0.1148236,0.5597077,-0.2717408,-0.35830855,2.857142857142857,Fmaj
0.39951152,-0.064809844,-0.015352194,-0.083146885,-0.21288724,0.5775389,-0.29717204,-0.22971593,0.11331507,0.37312207,-0.27919266,-0.28121066,2.857142857142857,Fmaj
0.39716023,-0.056379613,-0.020869698,-0.0747974,-0.1498648,0.39712483,-0.15259704,-0.13570395,-0.17885868,0.6125256,-0.3369254,-0.30081412,2.4489795918367347,Fmaj
0.44746956,-0.12301535,-0.02935223,-0.037226807,-0.14254494,0.42800918,-0.32048875,0.061296914,-0.21129575,0.50828713,-0.27403724,-0.30710167,2.449002267573696,Fmaj
0.4114594,-0.0671587,-0.023361456,-0.07055603,-0.14673226,0.39611432,-0.15830354,-0.1352983,-0.1702024,0.6040236,-0.33141613,-0.3085684,2.4489795918367347,Fmaj
0.49161747,-0.1767406,-0.023282789,-0.010537383,-0.16125217,0.46965384,-0.40855187,0.106864266,-0.12903376,0.370266,-0.20188515,-0.3271178,2.4489795918367347,Fmaj
0.27381694,-0.23869084,-0.19382367,0.32884693,-0.07789834,0.13045451,-0.55176586,0.59011275,-0.09059571,-0.19504435,0.015881076,0.008706611,1.0120181405895692,Fmaj
0.45351887,-0.09785788,-0.3495048,0.5030296,-0.27635157,-0.09198836,0.26774758,-0.10945961,-0.15990163,0.2041837,0.06789909,-0.41131505,0.936984126984127,Fmaj
0.2918901,-0.47746253,0.546225,-0.21596807,-0.29594904,0.37932554,0.015945764,-0.2447047,0.042315073,0.12638049,0.011769594,-0.17976722,1.829002267573696,Fmaj
0.404216,0.037967633,-0.36616004,0.31011966,-0.24179557,0.27030778,-0.13432351,-0.031255603,-0.17454565,0.5050368,-0.31090072,-0.26866674,1.7280045351473923,Fmaj
0.43498975,-0.06258917,0.08376213,-0.35058454,0.07211084,0.49178964,-0.41019467,-0.12411228,0.16151766,0.19345745,-0.068176955,-0.42196983,1.7139909297052154,Fmaj
0.54764456,-0.15618625,-0.1096463,-0.21041484,0.43704173,-0.046948187,-0.3645099,0.25231013,-0.10104414,0.2795239,-0.2319278,-0.29584298,2.7429931972789117,Fmaj
0.3686166,0.11521546,-0.10844136,-0.07711844,-0.20442845,0.54269505,-0.2796598,-0.12553656,-0.03457312,0.29930297,0.059405684,-0.555478,0.58,Fmaj
0.5463286,-0.33208466,-0.13763963,0.25294065,-0.21958372,0.35782558,-0.31123704,-0.13284019,0.3728255,-0.02387734,-0.25169006,-0.12096764,0.5570068027210885,Fmaj
0.43132415,-0.15332396,0.026386641,-0.024300423,-0.27258152,0.61294967,-0.40152696,-0.10628228,0.15489969,0.15457882,-0.08929601,-0.33282787,2.6470068027210885,Fmaj
0.29365474,-0.06281716,0.053635955,-0.061387964,-0.3308255,0.69670594,-0.41646776,-0.1166157,0.1518738,0.140861,-0.080468975,-0.26814848,2.3450113378684807,Fmaj
0.40012133,0.0793211,-0.15958104,-0.108640224,0.15949441,-0.10955482,0.3204431,-0.40032792,-0.08076988,0.5102432,-0.15946999,-0.45127907,1.544013605442177,Fmaj
0.47773528,-0.052680045,-0.27972966,0.01782431,0.098744005,0.32791096,-0.453807,-0.12542118,0.49864548,-0.15550865,-0.08715354,-0.26655993,1.613015873015873,Fmaj
0.19703689,-0.012663899,0.07409758,-0.074783176,-0.36284083,0.73041505,-0.42405856,-0.114121884,0.13923922,0.13511916,-0.06319478,-0.22424471,2.3839909297052153,Fmaj
0.3462866,-0.42285094,0.31287253,-0.07979348,-0.26370516,0.42507,-0.10854752,-0.367362,0.394942,0.0012890506,-0.20773867,-0.0304624,1.549002267573696,Fmaj
0.20092078,0.03337713,0.060978472,-0.09217987,-0.3065049,0.61919194,-0.3770764,0.077770434,-0.23864786,0.38847342,-0.031875215,-0.33442798,1.470997732426304,Fmaj
0.4563091,-0.06567709,0.09240438,-0.24155551,-0.092992224,0.4666433,-0.18106411,-0.29877153,0.18403953,0.14649633,0.089804634,-0.5556367,1.6020181405895693,Fmaj
0.40607873,-0.07847778,-0.22910053,0.10416158,-0.04734601,0.22064126,-0.024391089,-0.5317865,0.57281584,0.027415011,-0.29431,-0.12570052,1.579002267573696,Fmaj
-0.15770608,0.1368735,0.13440266,-0.12632646,-0.3948818,0.7268496,-0.32776392,-0.23580784,0.22916049,0.07713803,-0.116737604,0.054799438,1.509002267573696,Fmaj
0.23585981,0.020825528,0.050024312,-0.09257576,-0.3221634,0.58475786,-0.12193236,-0.36930478,0.0698637,0.45000634,-0.2726498,-0.23271146,0.4119954648526077,Fmaj
0.11364318,0.2610348,-0.18659753,-0.33867568,0.41299418,0.04038071,-0.19105011,-0.04025581,-0.10304182,0.55931133,-0.48342514,-0.04431811,0.7820181405895692,Fmaj
0.08520758,0.12605305,-0.078312,-0.033809662,-0.2196577,0.6217717,-0.6235131,0.29572487,-0.10823594,0.09644733,0.029652601,-0.19132875,1.5409977324263038,Fmaj
0.31452456,-0.028947987,0.032077324,-0.08576397,-0.28586352,0.6221526,-0.3128744,-0.13746676,-0.0294058,0.41859856,-0.22485226,-0.2821783,1.4579818594104308,Fmaj
0.19676799,0.04439591,0.03673413,-0.116217844,-0.3054377,0.6872785,-0.3343239,-0.22050247,0.100108325,0.33998495,-0.2353297,-0.19345821,1.5360090702947846,Fmaj
0.3115159,0.08741784,-0.090627596,-0.08154887,-0.22786951,0.6253531,-0.35116467,-0.15847105,0.030793797,0.36790526,-0.15421045,-0.3590937,0.7750113378684808,Fmaj
0.26492485,0.03665377,0.0020808403,-0.19818123,-0.07761884,0.53031456,-0.43865114,0.0757704,-0.17923799,0.49197575,-0.27078995,-0.23724109,1.58,Fmaj
0.12684,0.11061046,0.12930423,-0.26634073,-0.24772097,0.659293,-0.26657596,-0.18983458,-0.06800994,0.42426217,-0.1302091,-0.2816185,1.5039909297052154,Fmaj
0.39121574,-0.091100596,0.021375148,-0.05901349,-0.26832885,0.6074817,-0.3419023,-0.12935904,0.028068027,0.34897122,-0.18757465,-0.31983292,1.9580045351473923,Fmaj
0.48240682,-0.11411827,-0.096835755,0.061865196,-0.22982535,0.52684957,-0.40989888,-0.025190182,0.16354354,0.0016368,0.09392663,-0.45436004,1.8979818594104307,Fmaj
0.5091417,-0.17112055,-0.0025359062,-0.025792805,-0.21373856,0.52521604,-0.32545453,-0.116416276,0.056716885,0.31373936,-0.18255594,-0.36719948,1.9319954648526076,Fmaj
0.21645965,-0.016759345,0.044784505,-0.06924994,-0.30371827,0.67107725,-0.4742373,0.07430574,-0.09848769,0.31211072,-0.1430088,-0.21327655,1.9150113378684808,Fmaj
0.50182676,-0.1385999,0.03911354,-0.14576975,-0.13216452,0.5191691,-0.28733057,-0.24339254,0.19379269,0.22297862,-0.106930844,-0.42269275,1.8809977324263039,Fmaj
0.22997327,-0.06781449,0.020079758,-0.04083264,-0.26388445,0.68140835,-0.57232386,0.0272076,0.22538397,-0.028639998,-0.058319267,-0.15223822,1.9160090702947845,Fmaj
0.3855617,-0.15853097,0.02585266,-0.0048721456,-0.26065388,0.61161065,-0.52095073,0.09866532,0.04278454,0.12319725,-0.055859257,-0.2868051,1.8890022675736962,Fmaj
0.316245,-0.055751346,0.04271248,-0.068695396,-0.30965325,0.6634218,-0.37285367,-0.12697898,0.05178181,0.30069396,-0.1538437,-0.28707877,1.8929931972789116,Fmaj
0.5080255,-0.15463825,0.014504199,-0.03360016,-0.23361543,0.5262103,-0.305952,-0.09896283,0.033500854,0.23385635,-0.014173931,-0.4751547,1.8460090702947847,Fmaj
0.41673774,0.13451086,-0.21638428,-0.2817438,0.37657773,0.06210918,-0.17643727,-0.077763,-0.07795174,0.514812,-0.3195109,-0.35495654,4.055827664399093,Fmaj
0.56539214,-0.14197747,-0.08890736,-0.108084366,0.12688649,0.12537101,-0.1094978,-0.08835211,-0.14087437,0.5657712,-0.35123783,-0.35448945,1.6682539682539683,Fmaj
0.22331047,0.23866482,-0.2158236,-0.31194046,0.42023426,0.04255149,-0.28951555,0.15635036,-0.24641457,0.51103723,-0.28769445,-0.24076006,1.7648072562358277,Fmaj
0.51282585,-0.100574106,-0.11124851,-0.22032513,0.37317216,8.16571E-4,-0.2771885,0.1606501,-0.18137115,0.4528533,-0.31686598,-0.29274464,4.239319727891156,Fmaj
0.52177656,0.018766541,-0.4099028,0.13353845,0.13741189,0.11142767,-0.35974666,0.2217324,-0.164438,0.3610352,-0.21193312,-0.3596682,1.7648526077097506,Fmaj
0.62194383,-0.21620987,-0.10802483,-0.07386134,0.18373697,0.096192054,-0.2523636,0.101961896,-0.16020544,0.446101,-0.2795532,-0.35971737,4.1020181405895695,Fmaj
0.43293333,-0.035923015,-0.042550165,-0.16735265,0.016507817,0.3152393,-0.18416806,-0.11081948,-0.15514667,0.614046,-0.3678951,-0.31487128,2.106485260770975,Fmaj
0.5031494,-0.13387856,-0.038829233,-0.04196467,-0.11234308,0.3463569,-0.160633,-0.12412783,-0.1344898,0.5598184,-0.31499982,-0.34805858,3.7827437641723356,Fmaj
0.30893865,0.10804043,-0.11068252,-0.09641714,-0.12521952,0.42071635,-0.16260125,-0.15851365,-0.17993158,0.62811875,-0.30660275,-0.3258459,1.818888888888889,Fmaj
0.5036704,-0.13342234,-0.038344458,-0.042411152,-0.11312442,0.34666398,-0.15999933,-0.1239549,-0.13394976,0.558919,-0.31627992,-0.3477671,3.7828344671201815,Fmaj
0.50346524,-0.13412943,-0.03884194,-0.041865163,-0.11236014,0.346443,-0.16084531,-0.124099515,-0.13417059,0.5594455,-0.3148159,-0.3482257,3.7827891156462585,Fmaj
0.30789068,0.10853627,-0.11059568,-0.09671694,-0.12551299,0.42180192,-0.16325946,-0.158913,-0.17953943,0.62796664,-0.30614102,-0.32551718,1.8111791383219955,Fmaj
0.17884186,0.24140872,-0.121285334,-0.2284314,0.02122825,0.3694105,-0.18039608,-0.1399547,-0.19905883,0.6575677,-0.33270547,-0.26662517,3.746167800453515,Fmaj
0.43369374,-0.036895826,-0.04785174,-0.16664192,0.020795664,0.31605604,-0.1856657,-0.114924915,-0.15281674,0.61402816,-0.3628448,-0.316932,1.8112698412698414,Fmaj
0.1789619,0.2403377,-0.12169346,-0.22775578,0.021991925,0.36897662,-0.18113835,-0.13994972,-0.19960824,0.65839857,-0.33133918,-0.267182,1.8238095238095238,Fmaj
0.1774225,0.24766791,-0.11634099,-0.23256297,0.0143268015,0.37242374,-0.17570552,-0.1382687,-0.19705385,0.6526063,-0.3423894,-0.2621259,1.73,Fmaj
0.5479741,-0.161567,-0.063633524,-0.027640997,-0.04266665,0.22765644,-0.09161217,-0.11454974,-0.16063862,0.57511765,-0.33696502,-0.35147455,3.713174603174603,Fmaj
0.5671416,-0.14010258,-0.08646151,-0.10959521,0.12289182,0.1265432,-0.10604508,-0.08772652,-0.1397951,0.5633877,-0.3573881,-0.35285023,1.3199773242630386,Fmaj
0.5034389,-0.13228703,-0.03881607,-0.043500483,-0.11317406,0.34811023,-0.159792,-0.12497868,-0.13297306,0.5583006,-0.31698796,-0.34734046,1.319591836734694,Fmaj
0.5039546,-0.13189259,-0.03843734,-0.04392781,-0.113898225,0.34872448,-0.15955001,-0.12496942,-0.13209048,0.55722076,-0.3179469,-0.34718695,1.740997732426304,Fmaj
0.3481548,-0.031139538,0.004357096,-0.08623327,-0.21495762,0.50393796,-0.21847045,-0.1404326,-0.13246234,0.55757123,-0.30143067,-0.2888946,1.7789115646258504,Fmaj
0.5038744,-0.13184287,-0.038394995,-0.0439537,-0.11401559,0.34892312,-0.15966423,-0.12498455,-0.13203119,0.5571679,-0.3179043,-0.347174,1.3304988662131518,Fmaj
0.30618945,0.11125232,-0.10648974,-0.09721874,-0.13090177,0.4224362,-0.16106127,-0.15632747,-0.18072133,0.6270896,-0.31093785,-0.3233092,3.708639455782313,Fmaj
0.30981618,0.10204465,-0.12784,-0.09087372,-0.04069991,0.25484324,-0.042020082,-0.14541431,-0.26546684,0.7013487,-0.36049122,-0.29524672,1.2761678004535146,Fmaj
0.4316125,-0.036097724,-0.041371766,-0.16600944,0.014272241,0.31576276,-0.18462238,-0.11016933,-0.15637219,0.61519843,-0.3673925,-0.3148106,3.663424036281179,Fmaj
0.30784026,0.10072957,-0.1259742,-0.0885193,-0.041736986,0.25237268,-0.04259063,-0.14294575,-0.26882228,0.7038526,-0.35899937,-0.2952066,1.3122902494331066,Fmaj
0.28676072,0.06725785,-0.01736638,-0.21645921,-0.020051977,0.37597215,-0.18447013,-0.11926672,-0.1959155,0.65510184,-0.38323718,-0.24832547,3.6678684807256237,Fmaj
0.17753787,0.24763452,-0.11639668,-0.23245613,0.014169968,0.37260264,-0.17580041,-0.13831323,-0.19694373,0.6525134,-0.34229746,-0.26225072,1.2853968253968253,Fmaj
0.41978553,-0.0064573516,-0.06405615,-0.22306612,0.13973203,0.2206255,-0.16534817,-0.09575538,-0.16755922,0.62984407,-0.3879801,-0.2997645,3.63578231292517,Fmaj
0.45887244,0.13230544,-0.23298568,-0.1881394,0.31188795,-0.052105505,-0.0073777745,-0.05933023,-0.21332026,0.47430253,-0.07386973,-0.5502398,3.62249433106576,Fmaj
0.4348068,-0.03395855,-0.047716912,-0.16945677,0.018371282,0.3200255,-0.18399265,-0.116466895,-0.1493549,0.61009544,-0.3666706,-0.31568182,1.2643310657596372,Fmaj
0.48730737,-0.068916686,-0.044365555,-0.1734763,0.019627407,0.3678664,-0.25942743,-0.10948527,-0.068247184,0.5260268,-0.327186,-0.3497236,3.580045351473923,Fmaj
0.24898317,0.25758174,-0.21003228,-0.3380173,0.3963565,0.0663339,-0.17411023,-0.070245385,-0.13241881,0.5613519,-0.31712267,-0.28866044,1.8463492063492064,Fmaj
0.43443412,-0.034968924,-0.047925737,-0.16849734,0.018985882,0.31910592,-0.18453225,-0.11611151,-0.15053761,0.61131305,-0.36519173,-0.31607383,1.763219954648526,Fmaj
0.43433625,-0.034898818,-0.047845524,-0.16854595,0.018732669,0.3195549,-0.18480112,-0.11615227,-0.15036112,0.6111597,-0.36509687,-0.31608188,1.7657596371882087,Fmaj
0.7175041,-0.32844433,-0.107750796,0.06238502,0.088875234,0.009510665,-0.06244802,-0.06261517,-0.04287001,0.35934016,-0.23193656,-0.4015503,2.8945351473922902,Fmaj
0.5284917,-0.1547272,-0.04728709,-0.030526323,-0.08680788,0.30097508,-0.14142509,-0.11704403,-0.14179318,0.56163734,-0.3160924,-0.355401,1.6910884353741498,Fmaj
0.36932817,-0.028203355,-0.029301196,-0.08700629,-0.12304024,0.3473569,-0.0985202,-0.13857126,-0.22108555,0.6543889,-0.36919937,-0.27614647,2.8463718820861676,Fmaj
0.40177464,-0.005052662,-0.05173437,-0.2194399,0.12920123,0.22479215,-0.17604885,-0.08580079,-0.18257336,0.64389575,-0.38238576,-0.2966281,1.6884126984126984,Fmaj
0.33622488,0.027267965,-0.048334453,-0.19758125,0.094615236,0.19253132,-0.09733909,-0.094812244,-0.2511821,0.6984685,-0.4063907,-0.25346807,2.894807256235828,Fmaj
0.36918107,-0.08467893,-0.24390723,0.082034275,0.03548193,0.18947865,-0.17809281,-0.18870068,0.15349975,0.4509164,-0.6718843,0.08667192,1.2748979591836735,Fmaj
0.4863507,-0.10477152,-0.058927357,-0.1412694,0.063878745,0.32193843,-0.3652696,0.098600715,-0.18359147,0.5023394,-0.2957847,-0.32349393,2.1260997732426303,Fmaj
0.62238103,-0.21595268,-0.108306825,-0.07410491,0.18308926,0.09728472,-0.2519148,0.10128693,-0.1598043,0.4457998,-0.28014192,-0.35961634,4.023038548752835,Fmaj
0.46796498,-0.092831954,-0.085619554,-0.12676093,0.14816137,0.12875178,-0.200297,0.088505454,-0.2890295,0.60677665,-0.35731912,-0.28830215,1.5873469387755101,Fmaj
0.5642591,-0.14450586,-0.08155939,-0.104628615,0.12153854,0.12006923,-0.108033806,-0.08113331,-0.14736429,0.5689091,-0.3543417,-0.35320908,1.8189342403628117,Fmaj
0.67831194,-0.24191238,-0.097517215,-0.059263695,0.14642803,0.09089825,-0.14771897,-0.06531834,-0.033755403,0.41331226,-0.28244388,-0.40102053,1.33578231292517,Fmaj
0.5877004,-0.15685898,-0.059864864,-0.1166808,0.046946283,0.28611594,-0.23803885,-0.09195004,-0.038771305,0.47025594,-0.30131057,-0.38754317,1.8089569160997732,Fmaj
0.55363584,-0.2079364,-0.04160568,0.003576256,-0.10265302,0.3524379,-0.30666292,0.059166554,-0.15819986,0.45125532,-0.24792701,-0.3550869,3.741814058956916,Fmaj
0.5567897,-0.20228067,-0.04804763,-0.003356757,-0.09821604,0.35809842,-0.30320558,0.049427167,-0.15071811,0.44920775,-0.25218529,-0.35551292,1.7450113378684806,Fmaj
0.5888014,-0.15292431,-0.06717316,-0.12075533,0.051473815,0.2899786,-0.23510733,-0.09944257,-0.03297525,0.4662678,-0.30124786,-0.38689572,1.7521315192743765,Fmaj
0.590981,-0.22943734,-0.026358774,3.60064E-4,-0.15658204,0.43852013,-0.29783908,-0.10607707,0.067997396,0.2941062,-0.17873341,-0.39693704,1.7294331065759636,Fmaj
0.48872462,-0.13305107,-0.014602181,-0.047354642,-0.18945496,0.48885962,-0.26540345,-0.13065962,-0.028002823,0.43544242,-0.24981351,-0.3546845,1.7520408163265306,Fmaj
0.68429846,-0.2544271,-0.07583807,-0.06274382,0.075217016,0.2375096,-0.2669543,-0.07138285,0.075137444,0.29690295,-0.2145863,-0.42313296,3.664988662131519,Fmaj
0.6185588,-0.22145537,-0.069478005,-0.0010079185,-0.032843363,0.2192387,-0.124187075,-0.10355764,-0.09721484,0.4928977,-0.29588038,-0.3850706,1.8343310657596372,Fmaj
0.53613687,-0.14596848,-0.28364453,0.24914843,-0.097360924,0.08322431,0.046411693,-0.22861288,0.00918937,0.4805155,-0.45922738,-0.18981192,2.3066213151927437,Fmaj
0.37075236,0.11544983,-0.17422068,-0.17499468,0.14646952,0.17716958,-0.1085854,-0.12061459,-0.19887322,0.65702194,-0.35078442,-0.3387904,1.40140589569161,Fmaj
0.5571662,-0.058088254,-0.2796186,0.16047287,-0.10825758,0.23216024,-0.11006958,-0.11062794,-0.10594692,0.49723616,-0.28070107,-0.39372566,1.8494104308390023,Fmaj
0.49230626,-0.1203553,-0.06347857,-0.04294002,-0.0343956,0.20524304,-0.05304216,-0.118297495,-0.21209183,0.6306111,-0.3627585,-0.32080087,1.3098866213151927,Fmaj
0.37445366,-0.056889743,0.009974603,-0.07692314,-0.2383361,0.55302674,-0.2713138,-0.13884632,-0.066337645,0.47825927,-0.2602546,-0.30681285,1.703968253968254,Fmaj
0.31405568,-0.030025775,0.031631295,-0.084701374,-0.28480512,0.62138754,-0.31420395,-0.13744694,-0.030318208,0.42038,-0.22291355,-0.2830396,3.6344444444444446,Fmaj
0.48706725,-0.1365374,-0.011849105,-0.04338027,-0.19116892,0.48635027,-0.26787114,-0.12713662,-0.03236895,0.4390784,-0.24654868,-0.35563484,1.7328344671201814,Fmaj
0.5147616,-0.17321454,-0.0053332876,-0.024902014,-0.20674923,0.5138459,-0.31757942,-0.11654378,0.04620418,0.3290489,-0.18977736,-0.369761,1.7659183673469387,Fmaj
0.43541285,-0.03519492,-0.04847532,-0.16875798,0.02012278,0.31822523,-0.18410178,-0.11630471,-0.14998789,0.6108474,-0.3654743,-0.31631145,1.7074829931972788,Fmaj
0.54290044,-0.16410543,-0.06398,-0.022899939,-0.035447083,0.21030967,-0.08432887,-0.1102994,-0.17395899,0.5866088,-0.3353293,-0.34947005,2.1673696145124715,Fmaj
0.39764842,-0.05589726,-0.021921208,-0.0756057,-0.14906664,0.39795905,-0.15249287,-0.13682304,-0.17772128,0.61180335,-0.3369994,-0.3008834,3.6919274376417235,Fmaj
0.5547857,-0.17375249,-0.06517793,-0.018650424,-0.0331691,0.20772602,-0.08848583,-0.1086055,-0.1652423,0.57559085,-0.32993326,-0.35508576,1.8161904761904761,Fmaj
0.13765734,-0.034705266,0.08447166,-0.063604906,-0.34830883,0.6820728,-0.37890074,-0.110731415,0.030341553,0.35540575,-0.31196082,-0.041737184,1.7977324263038548,Fmaj
0.21800315,0.006611263,0.06040238,-0.08811428,-0.33148184,0.6733811,-0.34884292,-0.12768044,-0.022185318,0.3837751,-0.17957142,-0.24429679,1.6361451247165533,Fmaj
0.41163743,-0.10339967,0.01594233,-0.05460092,-0.25789845,0.5932948,-0.33692533,-0.12835458,0.027622327,0.35119447,-0.18998975,-0.3285227,2.388888888888889,Fmaj
0.22724216,-0.11832301,-0.11900858,0.22555348,-0.38295603,0.544609,-0.30862725,-0.20737784,0.29760903,0.15623423,-0.40771145,0.092756316,1.2427891156462585,Fmaj
0.36262545,-0.37986562,-0.19344105,0.37906548,-0.060825657,-0.059333235,-0.05901591,-0.08831725,0.28041273,0.08286395,-0.5816406,0.31747168,1.4150566893424037,Fmaj
