0.08982303,-0.027035275,-0.079335704,-0.034068257,-0.019462056,0.40477905,-0.4690287,-0.12389048,0.635002,-0.40474942,-0.07751511,0.10548098,3.7209297052154193,G#maj
0.28448996,-0.20087115,-0.085291944,0.01491011,-0.002861869,0.37877506,-0.46706536,-0.10622699,0.48771083,-0.03684088,-0.46766564,0.20093776,1.8604761904761904,G#maj
0.4046563,-0.21082903,-0.27532417,0.29298607,-0.020118129,0.037508897,-0.08771188,-0.29693362,0.63888836,-0.32409558,-0.13706563,-0.021961663,8.421065759637187,G#maj
0.115459956,-0.100872576,-0.15106435,0.02986537,0.19889323,0.065706424,-0.38056934,-0.01406507,0.65219086,-0.54525715,-0.06321338,0.19292605,4.210521541950113,G#maj
0.005761375,-0.21660188,-0.0808631,0.21969944,0.17949373,-0.4528761,0.21964292,-0.0963756,0.44065508,-0.57882345,0.11202401,0.24826369,4.2057142857142855,G#maj
0.43228322,-0.27785608,-0.31666282,0.3646586,0.02894426,-0.0034666306,-0.27236554,0.003458856,0.51454514,-0.3906198,-0.09999537,0.017076157,2.142857142857143,G#maj
0.47080624,-0.37641096,-0.31164238,0.5772485,-0.08741633,-0.28997806,0.10147836,0.044127166,0.1919845,-0.25038412,-0.021521619,-0.048291367,2.1415192743764173,G#maj
-0.085149266,-0.14035845,0.04250127,0.20466283,0.01445245,-0.5549882,0.66621554,-0.28815183,0.09826739,-0.22169082,0.14864326,0.11559591,2.142857142857143,G#maj
0.24423234,-0.29385313,-0.1216065,0.11130893,0.18954857,-0.0021186431,-0.3459979,0.006395654,0.59402657,-0.4065387,-0.26400506,0.2886079,2.142857142857143,G#maj
0.32263362,-0.19120206,-0.2502615,0.22018757,0.06823224,0.045745865,-0.22352886,-0.18290842,0.6742317,-0.43304262,-0.11077108,0.060683444,1.7518367346938775,G#maj
0.29701146,-0.14703465,-0.22351702,0.18594979,0.02629719,0.06484123,-0.099732906,-0.35178706,0.7146214,-0.3725396,-0.12808949,0.033979654,1.7518367346938775,G#maj
0.36495596,-0.26297128,-0.29111543,0.31725305,0.08573096,-0.007861474,-0.3732563,0.13602053,0.48153374,-0.45148388,-0.07459929,0.07579339,1.7518367346938775,G#maj
0.35860053,-0.2598597,-0.2850251,0.31477728,0.0815934,-0.007857395,-0.36110333,0.109101124,0.5042683,-0.45642066,-0.07626563,0.078191124,1.7518367346938775,G#maj
0.37182128,-0.22464313,-0.28084204,0.2761664,0.05351482,0.030410852,-0.24361333,-0.11442436,0.6218973,-0.42272437,-0.11182245,0.044259116,2.6666666666666665,G#maj
0.15771991,-0.12409173,-0.3493874,0.45097086,-0.10242862,0.006100735,-0.15810409,-0.09207238,0.5705124,-0.4690863,-0.08419733,0.19406389,2.823514739229025,G#maj
0.3855524,-0.2546041,-0.3853724,0.53442854,-0.110758305,-0.03339684,-0.17257565,0.01608943,0.41908282,-0.349335,-0.09563659,0.04652574,2.8235374149659864,G#maj
0.4415184,-0.091864645,-0.4700883,0.4456042,-0.075710416,0.016750365,-0.07087988,-0.22530696,0.48930028,-0.21290182,-0.113915935,-0.13250534,2.4,G#maj
0.3688963,-0.22734763,-0.27897274,0.28063655,0.052560307,0.0263675,-0.24525854,-0.11161374,0.62139493,-0.42378485,-0.10849947,0.045621373,2.7272789115646257,G#maj
0.14928456,-0.13801268,-0.3194746,0.38447663,-0.021679502,0.005236062,-0.26994827,0.022909045,0.5592611,-0.52034163,-0.06791651,0.21620587,2.727256235827664,G#maj
0.33024466,-0.14045615,-0.15132663,0.27742717,-0.25340337,0.05075683,0.34997323,-0.6111502,0.38005614,0.091793664,-0.2022085,-0.12170691,0.79,G#maj
0.17685656,-0.006180646,-0.16870977,-0.16101731,0.44832844,-0.19544992,0.0046628565,-0.37694225,0.6392648,-0.2104369,-0.2605768,0.1102009,1.7750113378684806,G#maj
0.10113886,0.45298922,-0.5924821,0.23671404,0.05177217,0.016020149,-0.16532896,0.18725874,-0.13143083,-0.022541635,0.31069627,-0.44480586,0.9150113378684808,G#maj
0.34800124,-0.2279996,-0.35628465,0.4698004,-0.08079186,-0.012820851,-0.16964209,-0.06962739,0.5218072,-0.38963342,-0.10098244,0.06817351,1.7950113378684807,G#maj
0.11357074,-0.2630795,-0.005548668,0.13835554,-0.023399051,0.08382122,-0.1948743,-0.15843955,0.67554957,-0.5560052,-0.054134592,0.24418369,1.740997732426304,G#maj
0.112194166,-0.097508356,-0.3957015,0.5712859,-0.06655633,-0.23944543,-0.16625452,0.46229163,-0.033614453,-0.39119303,0.18464816,0.059853666,0.8159863945578232,G#maj
0.46424517,-0.20344986,-0.39989102,0.4869693,-0.1602489,0.033077445,-0.008857569,-0.26197192,0.41610184,-0.057457265,-0.2694055,-0.03911165,3.7209297052154193,G#maj
0.13385722,0.016471777,-0.3355878,0.5055551,-0.32039407,0.024767268,0.12023016,-0.20616479,0.35417256,-0.43053246,0.32679906,-0.18917404,1.8604761904761904,G#maj
0.003512538,-0.08238705,-0.23929147,0.31310174,-0.10019754,0.045247827,-0.022015695,-0.31859928,0.530165,-0.09618861,-0.48194063,0.4485932,8.421065759637187,G#maj
0.0036036544,-0.08243827,-0.23945175,0.31306714,-0.10006326,0.045368604,-0.022068474,-0.31877112,0.5299195,-0.09555016,-0.48218966,0.44857377,4.210521541950113,G#maj
0.26112735,-0.119470336,-0.4471149,0.4687534,-0.067417875,0.06579727,-0.26081154,-0.06606438,0.48013112,-0.19463539,-0.32565817,0.20536353,4.2057142857142855,G#maj
0.43508756,-0.27997485,-0.31850532,0.369069,0.027133621,-0.0050210394,-0.27308974,0.009718062,0.50803614,-0.3885039,-0.09968799,0.015738437,2.142857142857143,G#maj
0.5717634,-0.3050998,-0.38699883,0.49376506,-0.07080187,-0.022728326,-0.22376622,0.1585364,0.06145512,0.1008307,-0.29021963,-0.08673593,2.1415192743764173,G#maj
0.24596362,-0.13218482,-0.482164,0.6133329,-0.16005272,-0.0038130684,-0.2678152,0.27822673,-0.016241604,0.06744295,-0.31995338,0.17725866,2.142857142857143,G#maj
0.551693,-0.26768357,-0.3794125,0.36998478,0.014645045,0.04887539,-0.24894343,-0.070152305,0.413652,-0.09037432,-0.304906,-0.037378017,2.142857142857143,G#maj
0.3868605,-0.2556671,-0.38651872,0.53736526,-0.11224966,-0.034456376,-0.17261621,0.020453308,0.4136551,-0.3472064,-0.09523472,0.045615014,1.7518367346938775,G#maj
0.4335602,-0.27892712,-0.31698748,0.36930963,0.025345441,-0.005801442,-0.27193397,0.010676301,0.5090908,-0.39110443,-0.100846075,0.017618082,1.7518367346938775,G#maj
0.3869678,-0.2600393,-0.3888645,0.54559046,-0.112311944,-0.039593898,-0.18305449,0.04850209,0.3921825,-0.3455564,-0.09094499,0.047122613,1.7518367346938775,G#maj
0.36006933,-0.27373186,-0.36112887,0.5917809,-0.15271643,-0.1726321,0.075083725,-0.10696728,0.37671772,-0.31319773,-0.058106855,0.034829475,1.7518367346938775,G#maj
0.386976,-0.25996375,-0.3887474,0.5452076,-0.112105936,-0.03944167,-0.18304235,0.047954444,0.3928233,-0.34575388,-0.09103728,0.047130894,2.6666666666666665,G#maj
0.35147843,-0.22324266,-0.35236216,0.445961,-0.06679934,-0.0025520476,-0.17295958,-0.08604013,0.5399436,-0.39342338,-0.105668545,0.06566482,2.823514739229025,G#maj
0.5181564,-0.28406745,-0.33940098,0.45035064,-0.10271249,-0.010693093,-0.056435566,-0.1810237,0.45774087,-0.22272311,-0.13453937,-0.09465214,2.8235374149659864,G#maj
0.15756209,-0.14060408,-0.39199972,0.5614258,-0.16328517,-0.027889214,-0.1557811,0.02455097,0.4424822,-0.4392765,-0.06897619,0.20179097,2.4,G#maj
0.15605578,-0.14295731,-0.40373856,0.5974484,-0.18959577,-0.038795758,-0.14074805,0.048873223,0.39658087,-0.417833,-0.0643185,0.19902861,2.7272789115646257,G#maj
0.51803184,-0.28192407,-0.33258066,0.4320593,-0.09111408,-0.0055912826,-0.061121684,-0.19246966,0.47503534,-0.22915123,-0.13648772,-0.09468613,2.727256235827664,G#maj
0.15297435,-0.14202793,-0.3290545,0.39605713,-0.021074412,0.0021311739,-0.28789622,0.06754916,0.5281048,-0.52131635,-0.0655247,0.22007756,3.7209297052154193,G#maj
0.2386169,-0.37551078,-0.1976009,0.572488,-0.32173854,0.07275278,-0.116513394,-0.014756157,0.33502245,-0.22748832,-0.25472912,0.289457,1.8604761904761904,G#maj
0.22956575,-0.031593848,-0.33479962,0.28187752,-0.08818753,0.12329457,-0.015294378,-0.44945788,0.62523234,-0.12503757,-0.33111492,0.11551544,8.421065759637187,G#maj
0.32481828,-0.040281996,-0.45579162,0.38535285,-0.09195155,0.13661385,-0.17806458,-0.11920729,0.2088375,0.26789516,-0.57421046,0.13598984,4.210521541950113,G#maj
0.12574054,-0.16302373,-0.29983076,0.3842835,0.02182275,-0.032956142,-0.39804837,0.30620944,0.3646911,-0.52361894,-0.026873609,0.24160421,4.2057142857142855,G#maj
0.17801726,-0.13474163,-0.4286927,0.6857382,-0.26706415,-0.17685683,0.18714246,-0.126698,0.22920714,-0.12640175,-0.20186354,0.1822134,2.142857142857143,G#maj
0.1540241,-0.13786133,-0.32556733,0.38530266,-0.019555246,0.007596537,-0.27802557,0.040828254,0.54735994,-0.52132976,-0.06989169,0.21711937,2.1415192743764173,G#maj
0.21810466,-0.06659809,-0.41780907,0.52494264,-0.23556176,0.0498973,0.034512665,-0.30616632,0.47862023,-0.14410537,-0.27514818,0.13931131,2.142857142857143,G#maj
0.2294348,-0.11973058,-0.47600165,0.6281586,-0.21522449,0.007963266,-0.13390553,-0.0014674293,0.3303093,-0.18904409,-0.25482798,0.19433576,2.142857142857143,G#maj
0.35635185,-0.28241745,-0.36055288,0.6106964,-0.15857182,-0.18717475,0.067426495,-0.069257066,0.34609148,-0.31155372,-0.049548127,0.03850971,1.7518367346938775,G#maj
0.10449144,-0.07714589,-0.27089772,0.3641107,-0.08517067,7.27894E-5,-0.1824586,0.040759433,0.4846378,-0.65732986,0.26009664,0.018834079,1.7518367346938775,G#maj
0.22805063,-0.12429216,-0.4789353,0.63816833,-0.21511604,0.0016337315,-0.1480556,0.036043502,0.3007728,-0.18536551,-0.25026602,0.1973616,1.7518367346938775,G#maj
0.23368473,-0.12663133,-0.4855635,0.6377273,-0.20919934,0.0050699203,-0.15216216,0.030320277,0.3000854,-0.17625655,-0.24794437,0.1908696,1.7518367346938775,G#maj
0.23380159,-0.12665434,-0.48568064,0.6377575,-0.20910017,0.005100532,-0.1524718,0.03078556,0.299602,-0.17581722,-0.2482234,0.19090042,2.6666666666666665,G#maj
0.22202791,-0.07085819,-0.42968023,0.5429201,-0.24218869,0.046950184,0.035615705,-0.2964264,0.4574901,-0.13062908,-0.26860207,0.13338052,2.823514739229025,G#maj
0.19413693,-0.15210824,-0.44438744,0.62438494,-0.16127197,-0.040783174,-0.2800858,0.31299436,0.12685046,-0.21288419,-0.19053572,0.22368991,2.8235374149659864,G#maj
0.4665341,-0.24842949,-0.4381977,0.5677873,-0.14103484,-0.006111493,-0.15170597,-0.0049285376,0.3000085,-0.10717005,-0.24827135,0.0115194535,2.4,G#maj
0.20225002,-0.1520444,-0.4543779,0.630274,-0.16237299,-0.038192518,-0.28095663,0.3221105,0.08853172,-0.1676348,-0.2008455,0.21325852,2.7272789115646257,G#maj
0.19303195,-0.023493143,-0.41384327,0.5635835,-0.30709013,0.042171948,0.08902697,-0.27343786,0.43595684,-0.3141,0.057792462,-0.049599323,2.727256235827664,G#maj
0.11346048,-0.10788344,-0.15277238,0.03692807,0.20561977,0.058701824,-0.40532362,0.031906083,0.6271639,-0.55104065,-0.05588492,0.19912495,3.7209297052154193,G#maj
0.5035551,-0.30130467,-0.36602685,0.40035608,0.057497066,-0.0069513572,-0.4108936,0.27791077,0.1982381,-0.12760845,-0.23712859,0.012356411,1.8604761904761904,G#maj
-0.4194373,0.69291335,-0.4370885,-0.019072222,0.17113432,-0.098254256,0.12385565,-0.18998507,0.15105551,-0.121571176,0.15640195,-0.009952371,8.421065759637187,G#maj
0.11660018,-0.08944523,-0.14619526,0.019378584,0.18605368,0.07523622,-0.33739218,-0.08893941,0.6882054,-0.5316385,-0.07345095,0.18158741,4.210521541950113,G#maj
0.060382575,-0.14061664,-0.10406429,0.11134146,0.16359758,-0.1979423,0.04129439,-0.24436775,0.67025185,-0.57508004,6.4908824E-4,0.21455419,4.2057142857142855,G#maj
0.14323796,-0.011110771,-0.4050678,0.49447927,-0.018494321,-0.2944283,-0.06627133,0.52502316,-0.41514042,0.005678773,0.14441372,-0.10231991,2.142857142857143,G#maj
0.39633566,-0.36578158,-0.02889345,0.23857479,0.07415088,-0.49308646,0.52212834,-0.2726184,0.12669156,-0.09639947,0.062017377,-0.1631194,2.1415192743764173,G#maj
0.073853746,0.10114304,-0.21420185,0.20888916,0.08773146,-0.52120787,0.55463624,-0.047178186,-0.37435323,0.19929752,0.21407326,-0.28268325,2.142857142857143,G#maj
0.28124693,-0.123918675,0.11699194,0.05261154,-0.3911312,0.33043602,0.12670934,-0.17450404,-0.35061944,0.5782662,-0.11444558,-0.33164313,2.142857142857143,G#maj
0.20679395,-0.4799062,0.4297561,-0.19823587,0.07686375,0.05586553,-0.28207305,0.25187984,0.1708685,-0.4771295,0.301491,-0.056174003,1.7518367346938775,G#maj
0.22440484,-0.51518977,0.35179585,-0.14490192,0.14380549,0.032126594,-0.42756644,0.4385494,0.067875914,-0.34829625,0.06676521,0.11063116,1.7518367346938775,G#maj
0.17062037,-0.4737084,0.46825075,-0.18784185,0.042238664,0.017010998,-0.25609437,0.414662,-0.10271089,-0.34265086,0.34084105,-0.090617545,1.7518367346938775,G#maj
0.3468175,-0.47515935,0.15863806,-0.05149152,0.19569151,0.026959134,-0.4720788,0.33439934,0.27581015,-0.41456097,0.008522874,0.06645204,1.7518367346938775,G#maj
0.3552686,-0.217107,-0.23042262,0.32479003,-0.056247756,-0.10761842,0.18201895,-0.43510368,0.586761,-0.27732196,-0.093032196,-0.031985037,2.6666666666666665,G#maj
0.38806963,-0.26037642,-0.3889818,0.5452856,-0.11208245,-0.03937429,-0.18291286,0.04816002,0.39198765,-0.34490383,-0.09118841,0.04631713,2.823514739229025,G#maj
0.46929744,-0.25528577,-0.4436609,0.57777196,-0.13839762,-0.011667402,-0.16557829,0.029332357,0.26435727,-0.092990346,-0.24038135,0.0072026094,2.8235374149659864,G#maj
0.32609424,-0.2153278,-0.3947244,0.55816877,-0.15337297,-0.028197885,-0.12069069,-0.041634932,0.44352075,-0.3561509,-0.09718283,0.07949867,2.727256235827664,G#maj
0.40103608,-0.21083723,-0.2832438,0.31105942,-0.03131508,0.03387532,-0.08385968,-0.2910859,0.63219035,-0.32469085,-0.135844,-0.017284576,3.7209297052154193,G#maj
0.4332914,-0.2811999,-0.3272319,0.39460546,0.009233243,-0.011911979,-0.26496938,0.022243094,0.49097902,-0.38501772,-0.09900029,0.018978862,1.8604761904761904,G#maj
0.0696175,0.026143782,-0.017367765,-0.007913152,-0.020258954,-0.1574439,0.56355315,-0.662421,0.15980999,0.34014428,-0.26545954,-0.028404465,8.421065759637187,G#maj
0.056597684,-0.13664216,-0.09765626,0.11020819,0.15235238,-0.2043805,0.09277638,-0.30847904,0.6751039,-0.5416927,0.0056870794,0.19612491,4.210521541950113,G#maj
0.05758702,-0.035037413,-0.08787175,0.0069932896,0.12767935,0.05346519,-0.2812615,0.007461839,0.5619402,-0.6914196,0.30785298,-0.027389769,4.2057142857142855,G#maj
0.2085213,-0.14696936,-0.3995809,0.55154055,-0.1224775,-0.19865723,0.1978821,-0.28933623,0.39994672,-0.12153196,-0.28033882,0.20100144,2.142857142857143,G#maj
0.19686988,-0.09570095,-0.17705123,0.05840286,0.19940366,-0.21156855,0.2688235,-0.5492226,0.51494175,0.03552923,-0.40618664,0.16575904,2.1415192743764173,G#maj
0.04848898,-0.07939277,-0.03933523,0.10554107,0.055465814,-0.3800033,0.6214446,-0.5758199,0.27431253,0.042778548,-0.16643494,0.09295465,2.142857142857143,G#maj
0.4210441,-0.32334617,-0.29255295,0.46426874,-0.028691199,-0.20933697,0.06901058,-0.15875165,0.4639375,-0.3531722,-0.049493488,-0.0029163146,2.142857142857143,G#maj
0.3446596,-0.22191562,-0.35227025,0.54724824,-0.16244064,-0.05412461,-0.12932834,0.07896001,0.33847734,-0.4584923,0.15489022,-0.08566352,1.7518367346938775,G#maj
0.43627962,-0.28411645,-0.3190563,0.37574357,0.02660288,-0.010066248,-0.28211847,0.03445438,0.49226817,-0.39013952,-0.09757077,0.01771917,1.7518367346938775,G#maj
0.37577465,-0.20805411,-0.12030264,0.05688725,0.15711178,0.028886126,-0.2959669,0.007593801,0.5273223,-0.5592515,0.23103718,-0.20103785,1.7518367346938775,G#maj
0.3830921,-0.20639989,-0.12581883,0.052198004,0.16022152,0.034906454,-0.29589355,0.005078692,0.52423537,-0.55423534,0.22966652,-0.20705101,1.7518367346938775,G#maj
0.1552103,-0.14618187,-0.40091234,0.5902468,-0.17759691,-0.039671693,-0.1599791,0.0703342,0.39326507,-0.42667925,-0.061256588,0.2032214,2.6666666666666665,G#maj
0.36159298,-0.22465207,-0.2716446,0.2791734,0.04735018,0.024423065,-0.23318473,-0.12997428,0.6321376,-0.42359436,-0.108329356,0.046702206,2.823514739229025,G#maj
0.36547405,-0.22137763,-0.27523956,0.27312744,0.050155755,0.030210847,-0.23207545,-0.13545443,0.6329706,-0.42010316,-0.11130645,0.043618042,2.8235374149659864,G#maj
0.3144985,-0.1409703,-0.13221422,0.003430986,0.13214402,0.09293019,-0.13182558,-0.38405165,0.73350793,-0.34287643,-0.130188,-0.014385401,2.4,G#maj
0.38556617,-0.3020493,-0.30882496,0.4110844,0.043429427,-0.058368932,-0.39363232,0.3207393,0.27889937,-0.38664076,-0.046601906,0.056399435,2.7272789115646257,G#maj
0.49672905,-0.4875909,0.020694975,0.24034765,-0.023249086,-0.059161033,-0.27218324,0.41042396,-0.021779807,-0.31607014,0.24076307,-0.2289245,2.727256235827664,G#maj
0.59143597,-0.3750926,-0.16679044,0.126958,0.21831235,-0.019048154,-0.41447446,0.21377002,0.31730023,-0.27029517,-0.08219264,-0.1398833,2.171995464852608,G#maj
0.18372037,0.08908203,-0.2574072,-0.0016688895,0.18485263,0.09097381,-0.25970432,-0.1731671,0.64624935,-0.5259414,0.18128864,-0.15827805,2.1370068027210882,G#maj
0.5084637,-0.29760617,-0.2571715,0.26780152,0.06457878,0.010972866,-0.22454478,-0.111596674,0.56251645,-0.3345499,-0.123519346,-0.06534491,1.42,G#maj
0.30336323,0.19877858,-0.4620631,0.17480405,-0.049788237,0.31092548,-0.23357779,-0.32753634,0.532576,-0.11855478,-0.08824693,-0.24068014,0.7009977324263038,G#maj
0.18933015,-0.056839645,-0.35722235,0.2798985,0.10213781,-0.090463534,-0.07053446,-0.25879085,0.6731889,-0.41464967,-0.13817608,0.14212127,4.528004535147392,G#maj
0.58172786,-0.30676037,-0.26369023,0.29381153,0.002033756,0.012869843,-0.096578136,-0.22489424,0.51219255,-0.20866705,-0.14556503,-0.15648057,2.1770068027210883,G#maj
0.4798304,-0.38180405,-0.09453801,0.13289557,0.15377282,-0.03304609,-0.28846902,0.040861346,0.5154713,-0.46757603,0.0011534239,-0.058551688,2.12,G#maj
0.27413028,-0.25294325,-0.24599792,0.2549276,0.10772128,0.04855638,-0.49012783,0.26021913,0.36724558,-0.27120584,-0.3453763,0.29285088,2.194013605442177,G#maj
0.52506953,-0.14769529,-0.33189717,0.20286505,0.07961733,0.053671893,-0.12944949,-0.2960831,0.5812309,-0.20482233,-0.13108201,-0.20142527,0.7,G#maj
0.62093997,-0.09725998,-0.28949744,0.012080187,0.1804666,0.10156735,-0.13334875,-0.32206225,0.40533614,0.11117941,-0.23869103,-0.35071015,0.7660090702947846,G#maj
0.22450513,-0.13594222,-0.10260043,0.270481,-0.18250355,-0.14582206,0.4890874,-0.58741385,0.40763175,-0.1518037,0.045857843,-0.13147734,2.230997732426304,G#maj
0.49151847,-0.44434908,0.09214951,-0.01677377,0.1334272,-0.043656055,-0.024777945,-0.29143795,0.57772005,-0.3171634,-0.065915585,-0.09074123,2.1650113378684805,G#maj
0.38047242,0.094334505,-0.5994479,0.357461,0.05242605,0.09253875,-0.27585444,-0.10447471,0.41632205,-0.05137876,-0.27936426,-0.08303473,2.131995464852608,G#maj
0.35500118,-0.2231932,-0.23774092,0.3576288,-0.077805996,-0.13001198,0.21578296,-0.43077683,0.5544775,-0.2617231,-0.08641009,-0.035228267,3.7209297052154193,G#maj
-0.01490173,0.07238087,0.026571745,-0.0036415088,-0.0131063135,-0.13856342,0.25935826,-0.21485,0.25482252,-0.5147095,0.6383344,-0.35169533,1.8604761904761904,G#maj
0.3613704,-0.22548069,-0.24966653,0.36846617,-0.080438785,-0.11937381,0.1935851,-0.41710263,0.55608195,-0.26461896,-0.0888513,-0.033970986,8.421065759637187,G#maj
0.15288378,-0.13679191,-0.33024222,0.40437445,-0.04049924,0.0052988906,-0.24578984,-0.0034129776,0.5619209,-0.5080626,-0.07040237,0.21072309,4.210521541950113,G#maj
0.1502147,-0.14311163,-0.3247667,0.39318717,-0.019594954,0.0016297312,-0.28247258,0.04751622,0.54178536,-0.5192614,-0.06272904,0.21760319,4.2057142857142855,G#maj
0.45461342,-0.29031017,-0.31666875,0.37116393,0.026773177,-0.008784044,-0.27163482,0.01752629,0.49408168,-0.3763776,-0.10168472,0.0013016101,2.142857142857143,G#maj
0.32539162,-0.2882498,-0.21059091,0.4430669,-0.0730648,-0.33640835,0.37089732,-0.3201161,0.37623683,-0.26452944,-0.0067736716,-0.015859585,2.1415192743764173,G#maj
0.41291085,-0.3103272,-0.2860076,0.44507527,-0.028460138,-0.19551933,0.07929297,-0.19690222,0.4915843,-0.35272458,-0.05599394,-0.0029284135,2.142857142857143,G#maj
0.4048682,-0.2674905,-0.24773362,0.4317965,-0.08498244,-0.30429044,0.41970325,-0.38095602,0.24079283,0.032944564,-0.17987405,-0.06477818,2.142857142857143,G#maj
0.45475176,-0.2775477,-0.07666986,0.09221718,-0.03623492,0.20830905,-0.17019844,-0.33202088,0.6382901,-0.2950393,-0.06958337,-0.13627364,1.7518367346938775,G#maj
0.40428463,-0.44886,-0.16150734,0.47456515,-0.17184326,-0.0056775305,-0.16714875,0.055193625,0.39091757,-0.39766455,-0.063253574,0.0909941,1.7518367346938775,G#maj
0.36748406,-0.4621308,-0.12145652,0.5182863,-0.21726139,-0.15626389,0.12973236,-0.120827734,0.36450917,-0.35453847,-0.023899432,0.07636635,1.7518367346938775,G#maj
0.36134073,-0.21245995,-0.33386266,0.4939861,-0.25749078,0.21971796,-0.30364817,0.0046285493,0.41015044,-0.2898721,-0.09858781,0.006097787,1.7518367346938775,G#maj
0.15503985,-0.147855,-0.39790776,0.58127755,-0.16678274,-0.038801838,-0.17419179,0.08195722,0.3956718,-0.43458566,-0.05995342,0.20613162,2.6666666666666665,G#maj
0.38703236,-0.25994313,-0.38881597,0.54540676,-0.11235433,-0.039458513,-0.18269482,0.047661763,0.39275807,-0.34553498,-0.091078386,0.047021136,2.823514739229025,G#maj
0.5936383,-0.2668396,-0.22807087,0.03259767,0.24469617,0.104089126,-0.3878593,-0.045590296,0.4204767,-0.029579159,-0.33428434,-0.10327443,2.8235374149659864,G#maj
0.46765882,-0.24968368,-0.30856952,0.36718503,-0.05585369,0.016526079,-0.07565841,-0.24815767,0.56357473,-0.27918693,-0.13817933,-0.059655502,2.4,G#maj
0.3963258,-0.16871132,-0.35862768,0.40023038,-0.11077999,0.05489015,-0.033072885,-0.32712725,0.55670506,-0.16824983,-0.2528204,0.011237929,2.7272789115646257,G#maj
0.64134777,-0.29853007,-0.25250685,0.14395216,0.21358694,-0.08504604,-0.12959182,-0.17066364,0.46902195,-0.15387185,-0.1632341,-0.2144645,2.727256235827664,G#maj
0.19846444,-0.004583603,0.11439793,-0.05484377,-0.32754567,0.5133959,-0.25736937,-0.011041766,0.04463124,-0.1629899,0.4622795,-0.5147948,3.070997732426304,G#maj
0.080087386,-0.14293216,-0.14098307,0.08394913,0.22460309,-0.0035489958,-0.5386932,0.3929866,0.34552312,-0.52956116,0.0020314322,0.22653781,3.004013605442177,G#maj
0.2952639,-0.16000935,-0.34928757,0.51448244,-0.20208807,-0.012704187,4.8204826E-4,-0.18393512,0.49755263,-0.41717052,0.05313335,-0.035719533,0.8940136054421769,G#maj
0.3981852,-0.1077594,-0.18958022,0.2627937,-0.28654712,0.2212605,0.14132689,-0.519307,0.45072836,-0.092553444,0.024433719,-0.30298117,1.6209977324263039,G#maj
0.107949786,0.07285146,-0.12343899,0.09022906,-0.30308703,0.52945626,-0.2314511,-0.3846336,0.5723343,-0.22642435,-0.022376465,-0.0814093,1.672018140589569,G#maj
0.3017502,-0.15911716,-0.26689756,0.38710448,-0.22079945,0.11572604,0.03307268,-0.3973651,0.5942927,-0.27732778,-0.106276914,-0.0041621695,1.5320181405895692,G#maj
0.09524652,0.077171676,-0.11356908,0.1538237,-0.46671063,0.6709639,-0.29738927,-0.24107257,0.21274967,0.18424886,-0.22909689,-0.04636599,1.670997732426304,G#maj
0.10967796,-0.17419198,-0.28056306,0.41616225,-0.004211037,-0.16199943,-0.098992825,0.0051944614,0.52832067,-0.57231057,-0.017421346,0.25033477,1.579002267573696,G#maj
0.47909486,-0.2425041,-0.23487417,0.21081066,0.038232747,0.04580532,-0.10834986,-0.3005298,0.629694,-0.2848951,-0.1456606,-0.086823925,9.829002267573696,G#maj
0.02951432,-0.17154972,0.018427435,0.3585877,-0.4613668,0.15267177,0.1987515,-0.3606192,0.43736178,-0.4348635,0.23380847,-7.23787E-4,0.8649886621315193,G#maj
0.07039122,0.023191458,-0.051658876,-0.059418876,-0.016119665,0.26958123,-0.16941184,-0.38471258,0.7251822,-0.45705104,0.061302267,-0.011275636,0.7849886621315193,G#maj
0.22239076,0.054501686,-0.4134674,0.35461658,-0.053748313,-0.09315827,0.20300792,-0.46971503,0.55988574,-0.23534001,-0.052699674,-0.07627386,0.9279818594104309,G#maj
0.31732792,-0.2250934,-0.31429666,0.56777596,-0.19443774,-0.17903258,0.11973611,-0.06012156,0.32190424,-0.43958798,0.18278958,-0.09696395,0.79,G#maj
0.40291673,-0.2041523,-0.28888232,0.18046804,0.18125303,0.083548635,-0.5545613,0.2751764,0.36550552,-0.3364091,-0.100397274,-0.0044660885,0.8359863945578231,G#maj
0.21310185,-0.07049795,-0.38869435,0.44898927,-0.17204306,0.06519301,-5.926287E-4,-0.34686878,0.56755245,-0.20812146,-0.24310097,0.13508268,0.79,G#maj
-0.06467579,-0.06260738,-0.17582105,0.32376242,-0.14006649,-0.0060565975,-0.0057101375,-0.20167929,0.6102086,-0.593971,0.057015393,0.25960144,4.069002267573696,G#maj
0.3702202,-0.1331836,-0.3120191,0.35761288,-0.21873844,0.25332898,-0.1385656,-0.33370602,0.5476668,-0.1240606,-0.24825814,-0.020297248,1.6280045351473922,G#maj
-0.032316335,-0.23322421,0.20817614,0.18053426,-0.38271028,0.19896388,0.02654634,-0.17154467,0.40423447,-0.584487,0.3839427,0.00188485,1.2489795918367348,G#maj
0.48065042,-0.0017759798,-0.3688406,0.18497173,-0.089395076,0.32487237,-0.20704253,-0.34396628,0.43463176,0.0898064,-0.2461501,-0.25776207,0.6129931972789116,G#maj
0.4296974,-0.30928937,-0.26849142,0.54705846,-0.3340155,0.1524815,-0.142883,-0.048689593,0.3382853,-0.26352704,-0.020395704,-0.080231056,1.216984126984127,G#maj
0.5263844,-0.32007936,-0.31965077,0.5288776,-0.11641922,-0.25659665,0.21310982,-0.035306964,-0.062072076,0.19714852,-0.23535857,-0.120036624,0.6160090702947846,G#maj
0.47906145,-0.25945002,-0.30603528,0.37592465,-0.060073867,0.009166816,-0.074916504,-0.23699598,0.55178875,-0.27336997,-0.13791558,-0.06718457,1.36,G#maj
0.66576684,-0.3564855,-0.32555106,0.44100472,-0.069571786,-0.041471034,-0.12612146,0.085451595,0.057886507,0.08851984,-0.19770588,-0.22172283,0.6590022675736962,G#maj
0.40807152,-0.10164345,-0.43679172,0.47999644,-0.10897064,-0.10324975,0.14702746,-0.33005974,0.43898436,-0.17098117,-0.07800958,-0.14437358,0.6109977324263038,G#maj
0.59229493,-0.34057254,-0.22170731,0.34378982,-0.15762118,0.24001972,-0.3909513,0.110715345,0.23114814,-0.100091994,-0.09139467,-0.21562904,1.2120181405895691,G#maj
0.13858515,-0.06595011,-0.23302762,0.11985648,0.21024306,-0.15681866,-0.018641338,-0.2833274,0.7034082,-0.4769359,-0.09936806,0.16197614,1.5229931972789115,G#maj
0.7052611,-0.32072198,-0.098697595,0.061773073,0.079654835,0.0062650386,-0.05342275,-0.05747312,-0.06857986,0.3888349,-0.24696879,-0.39592478,1.523015873015873,G#maj
0.4111576,-0.31193757,-0.16347708,0.31807166,-0.1606563,0.097433984,0.0016281308,-0.36983946,0.5760506,-0.19023983,-0.2523607,0.04416893,2.2450113378684806,G#maj
0.6285716,-0.30451095,-0.32746887,0.3037081,0.1103514,-0.10475753,-0.096024305,-0.1309644,0.42299914,-0.16159055,-0.15952909,-0.18078452,1.5250113378684806,G#maj
0.68183094,-0.4081392,-0.13598236,0.1397379,0.15926531,-0.10858759,-0.057329252,-0.16645095,0.40280724,-0.14981955,-0.09554278,-0.26178974,1.52,G#maj
0.29997185,-0.15834898,-0.26449904,0.38679463,-0.2224018,0.11461055,0.034504067,-0.3961694,0.5953365,-0.28045756,-0.10746303,-0.0018778197,2.2560090702947844,G#maj
0.147328,-0.1131375,-0.42052567,0.6870449,-0.32474527,-0.052514993,0.051435225,-0.07866237,0.30821836,-0.2780373,-0.07401602,0.14761257,0.9039909297052154,G#maj
0.31005272,-0.2358381,-0.32595304,0.5282718,-0.115180925,-0.08226456,-0.24235605,0.30393946,0.19861047,-0.46857443,0.17513403,-0.045841407,1.7177777777777778,G#maj
0.434639,-0.26011077,-0.25603166,0.48316297,-0.1645503,-0.09450438,-0.08059303,0.20397347,0.079270795,-0.36443862,0.34203747,-0.322855,2.3138321995464852,G#maj
0.42479092,-0.09871796,-0.4765754,0.55166453,-0.1238578,-0.066688314,-0.14283215,0.17080584,0.12165637,-0.26599714,0.19679113,-0.29104006,4.1236734693877555,G#maj
0.18137328,-0.0018202987,-0.5003631,0.6757355,-0.26025876,-0.08577108,-0.061868697,0.19495267,0.06447102,-0.2986537,0.19708495,-0.104881674,2.1844444444444444,G#maj
0.13609043,0.07029772,-0.3946677,0.49503347,-0.19403778,-0.06545212,-0.06722269,0.21293855,0.050357528,-0.4289054,0.467088,-0.2815201,1.7455102040816326,G#maj
0.33469847,-0.19488777,-0.42273706,0.6076204,-0.07646885,-0.24266472,-0.08673518,0.2672126,0.1052202,-0.34809226,0.13926095,-0.08242675,4.07984126984127,G#maj
0.4335464,-0.2584886,-0.25440168,0.48391545,-0.16790472,-0.095327266,-0.078404024,0.20601557,0.08070067,-0.36907163,0.3395151,-0.32009518,1.7459183673469387,G#maj
0.43689278,-0.2857484,-0.35012794,0.6268037,-0.22230887,-0.10774629,-0.07103898,0.18625496,0.088437006,-0.2550063,0.11336976,-0.15978152,2.2053514739229025,G#maj
0.4445429,-0.28308114,-0.3560228,0.6222351,-0.22039519,-0.10079471,-0.07014297,0.18001239,0.09407502,-0.25595322,0.10769532,-0.16217072,2.159501133786848,G#maj
0.4995479,-0.30023432,-0.31910574,0.48747918,-0.10623272,-0.056726076,-0.14104207,0.06352032,0.32039577,-0.36773172,0.10384612,-0.18371662,2.2702267573696147,G#maj
0.5620941,-0.3122632,-0.33170557,0.54605675,-0.19283347,-0.06985041,0.002068054,-0.013699206,0.19445726,-0.17752749,0.047212712,-0.25400954,1.816825396825397,G#maj
0.592727,-0.31424358,-0.2828595,0.39946213,-0.08556793,-0.026299132,-0.049120992,-0.12998813,0.3816486,-0.25173756,0.035653606,-0.26967433,3.757891156462585,G#maj
0.6114319,-0.3674637,-0.3126179,0.43805072,-0.0400715,-0.04931984,-0.16607971,0.022844335,0.3141562,-0.18760073,-0.11165006,-0.15167972,1.8571882086167801,G#maj
0.6115829,-0.36737806,-0.31329167,0.43770644,-0.039498713,-0.048749108,-0.16629988,0.022180712,0.31414908,-0.1870473,-0.11139364,-0.15196069,1.8402267573696145,G#maj
0.65374315,-0.3387939,-0.260859,0.18250065,0.24104838,-0.124727316,-0.22971244,0.024186289,0.3715795,-0.18368424,-0.14068861,-0.19459245,3.7348526077097506,G#maj
0.63477045,-0.2860304,-0.22880867,0.14833425,0.18962006,-0.10429542,-0.105026454,-0.13623126,0.4431517,-0.25389633,0.01971914,-0.32130703,1.3348072562358277,G#maj
0.57357335,-0.333238,-0.3558935,0.55600935,-0.17011987,-0.06559565,-0.022048684,-0.03388563,0.20846929,-0.08494121,-0.10854808,-0.16378152,3.745827664399093,G#maj
0.59220546,-0.31451148,-0.28378537,0.40061474,-0.08534726,-0.0264719,-0.049839433,-0.13035968,0.38177457,-0.2503997,0.03485701,-0.26873696,3.67843537414966,G#maj
0.55900735,-0.31599966,-0.3486997,0.5024984,-0.13185862,-0.03754096,-0.04325593,-0.114283845,0.34787154,-0.1593348,-0.124586746,-0.13381705,1.7597052154195012,G#maj
0.61541986,-0.36226192,-0.31835687,0.42971963,-0.035778645,-0.04062981,-0.16516966,0.012996339,0.31948173,-0.18541227,-0.115830064,-0.15417825,1.7621995464852607,G#maj
0.55878246,-0.3159145,-0.34884202,0.5028426,-0.13211103,-0.037605915,-0.043150667,-0.11415286,0.34769538,-0.159358,-0.124541596,-0.13364393,1.3378458049886621,G#maj
0.61666864,-0.36235595,-0.31918937,0.42845753,-0.03463981,-0.039606374,-0.165314,0.012466283,0.31840596,-0.18387479,-0.11563579,-0.15538229,1.7385714285714287,G#maj
0.69308263,-0.36204234,-0.2745129,0.21632317,0.23173025,-0.15517873,-0.22117859,0.12367262,0.20279785,-0.083934255,-0.12409689,-0.24666288,3.6324489795918367,G#maj
0.58568597,-0.30216813,-0.22587499,0.20941132,0.054484155,0.029405016,-0.11540012,-0.25326043,0.5435883,-0.20695002,-0.14660212,-0.17231889,3.694081632653061,G#maj
0.41958484,-0.064594835,-0.4458779,0.4431627,-0.10755435,0.008486536,-0.039517663,-0.18986136,0.44542277,-0.31728917,0.10388971,-0.25585127,3.6661678004535148,G#maj
0.60326433,-0.33289376,-0.3018344,0.398243,-0.057708323,-0.019063925,-0.074790746,-0.15726781,0.40969574,-0.163179,-0.13346611,-0.17099912,2.4701814058956915,G#maj
0.4968853,-0.06948665,-0.5008281,0.4409301,-0.089877255,0.04496313,-0.041719712,-0.25754666,0.37237284,0.015045964,-0.23380268,-0.17693627,1.3347845804988663,G#maj
0.5261896,-0.32779798,-0.34914193,0.4894228,-0.0714953,-0.044934183,-0.17210308,0.020843914,0.3648773,-0.2606074,-0.10558534,-0.06966849,2.4646031746031745,G#maj
0.54726523,-0.26116806,-0.35968828,0.34021994,0.10218154,-0.12249819,-0.088920064,-0.15122236,0.4903222,-0.2326726,-0.16012485,-0.10369453,2.024353741496599,G#maj
0.46892706,-0.26843476,-0.37489605,0.5478828,-0.17445506,-0.033714507,-0.025620768,-0.13208394,0.3899806,-0.21729308,-0.12254949,-0.057742752,2.1988208616780045,G#maj
0.52628946,-0.32790253,-0.34909922,0.48937702,-0.07137703,-0.044981882,-0.1723013,0.021176122,0.36466673,-0.26058117,-0.105542496,-0.06972373,3.629002267573696,G#maj
0.4688505,-0.26840824,-0.3749462,0.54802305,-0.17456158,-0.03374884,-0.025572276,-0.1320007,0.38985416,-0.21726821,-0.12252828,-0.057693426,2.1012925170068026,G#maj
0.6290806,-0.36879712,-0.24744909,0.223354,0.24928638,-0.18314561,-0.3120163,0.3145119,0.083241984,-0.10569565,-0.08117381,-0.20119719,2.0194557823129253,G#maj
0.5896217,-0.16045825,-0.37770015,0.2573937,0.070425145,0.030629825,-0.13140433,-0.24202316,0.47992244,-0.12420949,-0.11458999,-0.27760744,1.6890022675736962,G#maj
0.6620568,-0.39016104,-0.24596944,0.296118,0.06338259,-0.029303195,-0.21611422,-0.0032830914,0.35363233,-0.17278954,-0.11220656,-0.2053626,1.596893424036281,G#maj
0.58910304,-0.17268163,-0.3629365,0.24985005,0.06920978,0.033057142,-0.1291575,-0.24682575,0.4921356,-0.13636287,-0.12041911,-0.26497224,1.380907029478458,G#maj
0.46071184,-0.084046036,-0.40870842,0.3220954,0.047960967,-4.5289224E-5,-0.23316579,0.006077599,0.4076486,-0.38951617,0.18745297,-0.3164657,1.6766439909297053,G#maj
0.48701382,0.0033304468,-0.33169752,0.07211918,0.21286741,0.013877032,-0.3100505,0.13151157,0.19940478,-0.26460716,0.3150293,-0.5287983,3.5466439909297054,G#maj
0.44492742,-0.28605315,-0.3588209,0.6226034,-0.21493432,-0.100558035,-0.0746472,0.17728998,0.09119656,-0.24786122,0.113694556,-0.1668372,2.1845578231292517,G#maj
0.4246743,-0.10148764,-0.47831464,0.55198604,-0.11975663,-0.06656838,-0.14607689,0.1684094,0.11897978,-0.2585289,0.20038223,-0.29369867,1.693219954648526,G#maj
0.61020774,-0.35863653,-0.29058534,0.46281135,-0.08839915,-0.07785139,-0.12795821,0.14045341,0.12850843,-0.19583593,0.09229683,-0.29501122,4.088616780045352,G#maj
0.38325596,-0.08116256,-0.4891167,0.62318975,-0.23694016,-0.05415342,0.019954734,-0.03551845,0.19945478,-0.21538165,0.124277994,-0.2378602,2.2594331065759636,G#maj
0.5669947,-0.16598904,-0.41755313,0.46523517,-0.1047299,-0.03838387,-0.03910546,-0.06939075,0.23833765,-0.1614183,0.10895513,-0.38295215,1.6158503401360544,G#maj
0.5906347,-0.3161917,-0.28030202,0.4037805,-0.08832288,-0.030352797,-0.04883426,-0.1261559,0.3801968,-0.25381193,0.03793713,-0.26857758,1.4357369614512472,G#maj
0.40312627,-0.24347682,-0.37966114,0.66721547,-0.2926509,-0.088936746,0.044620823,0.019581234,0.15352169,-0.21297157,0.068639636,-0.139008,1.8872108843537414,G#maj
0.44590607,-0.25417078,-0.35183096,0.56181914,-0.2068359,-0.051576294,-0.0016528505,-0.094464764,0.35043436,-0.30403826,0.06078922,-0.15437895,1.8736054421768706,G#maj
0.44574156,-0.25407362,-0.35183394,0.5617679,-0.20681748,-0.051528554,-0.00166676,-0.09460658,0.35068393,-0.30421448,0.06078383,-0.15423563,1.873560090702948,G#maj
0.41001165,-0.22697929,-0.31252295,0.5749459,-0.2634151,-0.08233507,0.05063653,0.02171592,0.15694734,-0.31346008,0.26602015,-0.28156498,3.797687074829932,G#maj
0.44363818,-0.20691961,-0.22394781,0.43472958,-0.31010994,0.14469057,-0.08372219,-0.034438215,0.22267078,-0.30823138,0.31314737,-0.39150733,1.8607709750566894,G#maj
0.59272635,-0.31387052,-0.28300405,0.39938268,-0.08571117,-0.02615826,-0.04901065,-0.13003308,0.3817776,-0.25188786,0.03552584,-0.26973686,1.396938775510204,G#maj
0.5048177,-0.15749846,-0.4419703,0.5847066,-0.21204913,-0.07419086,0.020887868,0.05220152,0.02933841,-0.07306921,0.10263692,-0.33581114,1.762312925170068,G#maj
0.21220566,0.023071134,-0.49128965,0.5846201,-0.23957522,-0.013851666,0.023426894,-0.13822874,0.37780896,-0.35716775,0.11802028,-0.09903998,1.7255102040816326,G#maj
0.26166067,-0.19116737,-0.39251012,0.7081236,-0.3115553,-0.10632635,-0.016278042,0.18939,0.05642718,-0.27770668,0.115732364,-0.03578996,3.677437641723356,G#maj
0.45093265,-0.2806284,-0.3622093,0.61832786,-0.21793187,-0.09418638,-0.06967448,0.17244133,0.09968229,-0.25560334,0.104123265,-0.16527352,3.641269841269841,G#maj
0.455485,-0.13593984,-0.41808906,0.29429382,0.29546615,-0.3643658,-0.04337375,0.04549067,0.3329779,-0.35250652,0.09940652,-0.20884521,3.6444897959183673,G#maj
0.62120175,-0.48672444,0.009228464,0.10228976,0.17121185,-0.2875207,0.19651663,-0.24623367,0.30834466,-0.0873403,-0.08953409,-0.21143983,1.526077097505669,G#maj
0.47342926,-0.20344459,-0.24129274,0.31254342,-0.24776903,0.33506742,-0.2311467,-0.22596747,0.4816095,-0.1561676,-0.15161449,-0.1452471,1.4566439909297053,G#maj
0.666543,-0.33866268,-0.23613256,0.19972219,0.2150289,-0.17077504,-0.2004914,0.15967384,0.17421083,-0.19314039,0.08399384,-0.35997057,2.222721088435374,G#maj
0.44507554,-0.28665566,-0.35961738,0.62287235,-0.21388434,-0.10046183,-0.07551176,0.1763103,0.09106701,-0.24596207,0.11411031,-0.16734244,2.116780045351474,G#maj
0.47919282,-0.27764577,-0.37422225,0.5531811,-0.17426565,-0.038842306,-0.026806321,-0.12229636,0.37301162,-0.20449828,-0.118675016,-0.06813364,1.7384126984126984,G#maj
0.32979068,-0.18817507,-0.3704894,0.5123681,-0.17164391,-0.00493115,-0.02542433,-0.2067008,0.51559657,-0.317344,-0.12010645,0.047059666,1.801111111111111,G#maj
0.36450937,-0.18705164,-0.24162537,0.22641331,0.01423039,0.05138792,-0.099064484,-0.32734248,0.6820654,-0.34590304,-0.13345106,-0.004168404,3.6903174603174604,G#maj
0.5268972,-0.30143723,-0.26217926,0.26433045,0.06744471,0.0152226975,-0.22278923,-0.111184984,0.5496321,-0.31843412,-0.1272507,-0.080251485,1.2730612244897959,G#maj
0.3854271,-0.28106493,0.1060234,-0.16031007,0.09800487,0.16750142,-0.07356697,-0.46671578,0.62799436,-0.10846457,-0.25923407,-0.03559482,2.3024036281179137,G#maj
0.5228205,-0.19637717,-0.34842524,0.27129778,0.025291024,0.10152639,-0.20017053,-0.21910283,0.4389015,0.071150035,-0.44246596,-0.024445532,1.20718820861678,G#maj
0.23239492,-0.20786734,-0.20393607,0.25012052,0.0057960222,0.019016247,-0.104730524,-0.2874586,0.6886577,-0.3646586,-0.23393801,0.20660383,1.6005215419501133,G#maj
0.042741545,-0.049799453,0.18431409,-0.15403925,-0.30398613,0.6957283,-0.4197803,-0.19127579,0.36738992,-0.088906005,-0.07635456,-0.006032318,1.4951927437641723,G#maj
