0.20504874,-0.08125941,-0.096546024,-0.16459665,0.48524106,-0.2551096,-0.26149225,0.43232068,-0.3223391,0.34387982,-0.36201525,0.07686797,1.6000226757369616,Amin
0.56281686,-0.18501388,-0.17915633,-0.17870496,0.5658921,-0.22176239,-0.25694138,0.13452384,0.10158565,0.1189441,-0.24037872,-0.22180483,1.6000226757369616,Amin
0.194412,0.124295555,-0.14023693,-0.33055127,0.5215453,-0.15459308,-0.12729678,0.07363894,-0.1919574,0.5207245,-0.43505105,-0.054929785,1.621609977324263,Amin
0.38423908,-2.3626123E-4,-0.15653078,-0.26216045,0.48649567,-0.1365576,-0.14312305,0.05426542,-0.14601754,0.50403714,-0.42303458,-0.16137695,1.621609977324263,Amin
0.20226449,0.15004931,-0.14558007,-0.40201297,0.6105888,-0.1970033,-0.048841942,-0.14851658,0.086326174,0.36623853,-0.41564828,-0.057864144,2.4489795918367347,Amin
0.16036116,0.063476406,-0.14680466,-0.28447846,0.6063489,-0.24298637,-0.30413774,0.3682258,-0.2100799,0.27764466,-0.30255482,0.0149849905,2.4489795918367347,Amin
0.50313145,-0.11911709,-0.18480332,-0.1524389,0.44364986,-0.21111259,0.052445125,-0.260022,0.17651683,0.3447286,-0.43381503,-0.1591629,1.6000226757369616,Amin
0.49535915,-0.14529599,-0.14745761,-0.14196834,0.4951209,-0.33467567,0.06687493,-0.19803636,0.36549264,-0.18595278,0.072993696,-0.3424545,1.6000226757369616,Amin
0.19664626,0.10621131,-0.13122477,-0.23812203,0.32909146,-0.020346532,-0.11910402,0.05981856,-0.29212752,0.65193474,-0.48584974,-0.056927644,1.621609977324263,Amin
0.19199087,0.18031701,-0.13411506,-0.37046832,0.56093246,-0.16582638,-0.22028434,0.26778036,-0.3081773,0.36596993,-0.0936345,-0.27448472,1.621609977324263,Amin
0.33395737,0.03918457,-0.108632475,-0.2630791,0.38612032,-0.11943311,0.003341553,-0.043564435,-0.23742792,0.61671585,-0.40263024,-0.20455232,2.4489795918367347,Amin
0.3063098,0.03049719,-0.12431821,-0.2915749,0.52919453,-0.22060864,-0.113077685,0.15493058,-0.25783205,0.48299003,-0.3383942,-0.15811652,2.4489795918367347,Amin
0.053366717,0.057775196,-0.1867204,0.46881694,-0.6595762,0.4002507,0.10216891,-0.29667735,0.107384875,0.020748256,0.091171555,-0.15870918,1.02,Amin
-0.21123151,-0.09618076,0.28687522,-0.25711665,0.07571131,0.11032232,-0.20906189,0.23692487,-0.28731662,0.39908466,-0.49144995,0.4434391,1.1,Amin
0.11476486,0.22145097,-0.28016296,0.1109054,0.021451987,0.06296974,-0.27756533,0.36163384,-0.13340016,-0.28320098,0.5570349,-0.47588232,1.1149886621315193,Amin
-0.1050516,0.35000235,0.07316863,-0.5899313,0.44623753,0.010054205,-0.121697366,0.10433647,-0.31452423,0.3595975,0.030680934,-0.24287315,1.1139909297052155,Amin
-0.056651868,0.35872948,-0.36545983,-0.06372708,0.45725068,-0.43547612,0.23468389,-0.19468911,0.28151444,-0.29107225,0.22719267,-0.15229487,1.084013605442177,Amin
0.0010535241,-0.25286832,-0.10806388,0.32258725,-0.0037364182,-0.06542746,-0.4315516,0.5851804,0.0049710716,-0.33606565,-0.116958566,0.40087956,1.1170068027210884,Amin
-0.09949297,0.28639966,-0.32655898,-0.05262428,0.40485963,-0.26690844,-0.11348788,0.2874283,-0.31088895,0.4041528,-0.4108817,0.19800287,1.1209977324263039,Amin
-0.43768162,0.21004015,0.009128765,-0.044218052,0.16719705,-0.26202804,-0.076663464,0.56601745,-0.51256347,0.038329482,0.0801463,0.26229542,1.1029931972789115,Amin
0.66118413,-0.24940589,-0.38972938,0.4030201,0.03917769,-0.17675523,0.00521044,-0.03750457,0.17355798,-0.03646625,-0.048311103,-0.34397796,1.1560090702947845,Amin
0.41996172,0.004288397,-0.15275902,0.095323406,-0.103486,-0.0014988328,0.26218355,-0.19027802,-0.3258046,0.5738219,-0.10259964,-0.47915286,1.1070068027210884,Amin
-0.14262193,0.12779635,-0.00743194,0.18799801,-0.58307517,0.6303452,-0.21967626,-0.13521966,0.1901419,-0.19108258,0.21495518,-0.07212907,1.2349886621315194,Amin
-0.03282937,0.16059694,-0.31354955,0.21466888,0.18308425,-0.3015541,-0.14659625,0.50111717,-0.14642629,-0.41869557,0.45820665,-0.15802279,1.08,Amin
0.092808306,-0.21548408,-0.24529095,0.48367393,-0.051247288,-0.39180535,0.28055546,-5.3004466E-4,-0.04265908,0.1662506,-0.4761015,0.39983004,1.1209977324263039,Amin
-0.18111902,-0.040625855,0.4110471,-0.26533952,-0.37999302,0.664792,-0.2415449,-0.2102809,0.1758063,0.0032684333,-0.014425955,0.07841553,1.1059863945578232,Amin
0.22759947,-0.026951183,-0.035892367,-0.15380082,0.2636098,-0.13031618,-0.07430855,0.26608178,-0.50202584,0.61416954,-0.34671038,-0.10145528,1.1080045351473924,Amin
0.26552308,-0.41377127,0.15008627,0.027947074,3.9116063E-4,0.11353919,-0.3734317,0.41341734,-0.26161563,0.30362174,-0.4487306,0.22302334,1.063015873015873,Amin
-4.3843818E-4,0.085569516,-0.23529026,0.0863003,-1.6855255E-4,0.23588453,-0.2350396,-0.322452,0.70707494,-0.32289535,-0.23463453,0.23608944,1.0680045351473924,Amin
0.09774969,0.05916607,-0.25714886,0.44107103,-0.46661964,0.28867772,-0.024869867,-0.20646799,0.34348887,-0.36329958,0.2972009,-0.2089483,1.0880045351473924,Amin
0.24966143,-0.06726527,0.034007214,-0.20857169,0.0036443546,0.3803068,-0.14455159,-0.45761362,0.37767914,0.31729648,-0.5187022,0.034108896,1.0519954648526078,Amin
0.0374785,0.09009128,-0.19519752,-0.06967371,0.28406358,-0.05336833,-0.28010204,0.33069125,-0.30752796,0.47946757,-0.5464212,0.23049854,1.1,Amin
-0.599875,0.17569818,-0.003956621,0.24498166,-0.28818306,0.06728312,-0.116145514,0.3534282,-0.17775261,-0.24090852,0.11625904,0.46917123,1.1439909297052153,Amin
0.47221106,-0.17150988,-0.40873376,0.58205014,-0.2591763,-0.017122667,-0.031218553,0.16834483,-0.20151167,0.19723701,-0.091706924,-0.23886342,1.1060090702947847,Amin
0.103564344,0.03579276,-0.18682244,0.28534254,-0.31294152,0.3370805,-0.41796154,0.4832266,-0.42555308,0.2295993,0.003184244,-0.13451183,1.0689795918367346,Amin
-0.21311083,0.2781578,-0.19721888,0.1538439,-0.20849738,0.27146983,-0.20233016,-0.06646639,0.40313563,-0.56151384,0.41173014,-0.06919999,1.12,Amin
-0.13249697,-0.016407132,-0.06951374,0.2675982,-0.2685055,0.2079527,-0.2537648,0.10461799,0.38720188,-0.6655415,0.33319238,0.105666585,1.0780045351473924,Amin
0.21367198,0.08733194,-0.62146735,0.45287624,0.100092605,-0.17589515,-0.030783268,-0.09948077,0.24880917,0.10104176,-0.44901603,0.17281881,1.0809977324263038,Amin
0.24088232,-0.059047762,-0.10003353,-0.21917316,0.51718515,-0.2573647,-0.17848596,0.27356553,-0.2499658,0.4199556,-0.4448589,0.057341035,1.6000226757369616,Amin
0.28465974,-0.16058126,0.0817184,-0.30455852,0.46124002,-0.19522926,-0.22184114,0.39344433,-0.38134083,0.36560962,-0.22314425,-0.09997686,1.6000226757369616,Amin
0.15759632,0.09732773,-0.12151131,-0.31953618,0.61380446,-0.38877958,0.07784147,0.0037715137,-0.14954738,0.4119063,-0.34878358,-0.034089807,1.621609977324263,Amin
0.24122547,-0.061242007,-0.102053635,-0.21704322,0.5183861,-0.2565682,-0.18101044,0.27174675,-0.25098073,0.42352903,-0.44049463,0.054505546,1.621609977324263,Amin
0.21496208,0.094737336,-0.1625177,-0.2786248,0.4788282,-0.09282334,-0.22500262,0.13678083,-0.18092355,0.5128523,-0.48752266,-0.0107459985,2.4489795918367347,Amin
0.20536867,0.15224272,-0.14338651,-0.39152354,0.57594985,-0.17120232,-0.037760664,-0.16416712,0.062177546,0.413542,-0.43888375,-0.06235683,2.4489795918367347,Amin
0.2637783,-0.10669343,-0.10056178,-0.049445625,0.3001162,-0.13681452,-0.32524106,0.56502247,-0.47350377,0.32947412,-0.18043661,-0.08569438,1.6000226757369616,Amin
-1.614584E-5,-0.21595332,-0.031321485,0.061674602,0.297092,-0.24353752,-0.3905879,0.6620159,-0.20452145,-0.11334329,-0.17492352,0.35342228,1.6000226757369616,Amin
-0.0032437674,0.03258336,-0.089701034,-0.19556445,0.41587457,-0.14485851,-0.22329189,0.21360402,-0.13536404,0.39167508,-0.6089962,0.34728274,1.621609977324263,Amin
0.03875855,0.064594455,-0.081432134,-0.19120172,0.31037828,-0.06977631,-0.12794165,0.11025795,-0.24229504,0.57881516,-0.61434084,0.22418337,1.621609977324263,Amin
0.2899791,-0.07028108,-0.13887885,-0.24411318,0.582245,-0.2383493,-0.2148838,0.14041671,-0.005087495,0.31413507,-0.51212984,0.096947744,2.4489795918367347,Amin
0.24281614,0.011178385,-0.08379438,-0.24745724,0.40023506,-0.15869637,-0.005310795,-0.013398635,-0.21343952,0.6047843,-0.5249912,-0.011925753,2.4489795918367347,Amin
0.50618273,-0.19543636,-0.11317825,0.042734366,0.09600004,-0.10211342,0.14602965,-0.12436586,-0.23092818,0.6066835,-0.39843652,-0.23317173,1.6000226757369616,Amin
0.3793286,0.015298065,-0.04079211,-0.22623913,0.15547456,0.19709225,-0.2992426,0.23779911,-0.3947525,0.49196368,-0.080530785,-0.4353991,1.6000226757369616,Amin
0.14657837,0.12054617,-0.09669668,-0.28767928,0.43111008,-0.16110578,-0.08067566,0.16876325,-0.3794538,0.5841262,-0.36531124,-0.080201566,1.621609977324263,Amin
-0.07779659,0.11598259,-0.05918716,-0.3008681,0.5351283,-0.23186475,-0.24704173,0.3600496,-0.26460308,0.31526554,-0.36897206,0.22390749,1.621609977324263,Amin
0.42269632,0.0016415621,-0.1616346,-0.3057374,0.5376042,-0.1570303,-0.06971532,-0.15334272,0.09640794,0.38410306,-0.41115177,-0.18384111,2.4489795918367347,Amin
0.2436844,-0.055674296,-0.10114593,-0.22117853,0.5117493,-0.24993841,-0.16666305,0.24819043,-0.24937677,0.4430419,-0.4514266,0.048737433,2.4489795918367347,Amin
0.20094034,-0.18409553,0.14653699,-0.34505466,0.47447488,-0.2271993,-0.13188617,0.25483763,-0.27734336,0.4083023,-0.41611516,0.096602045,0.59,Amin
0.26304805,-0.22930838,-0.09794919,0.0793841,0.15049234,-0.012162796,-0.36579296,0.4335947,-0.282322,0.3733126,-0.509624,0.19732755,1.6000226757369616,Amin
-0.0454651,0.08241798,3.6773688E-4,-0.20056127,0.15404789,0.14202057,-0.29848117,0.2701779,-0.3750229,0.5694907,-0.49247396,0.19348173,1.6000226757369616,Amin
0.694128,-0.16450086,-0.30092302,0.065444075,0.20879212,0.041571643,-0.25512546,0.017938314,0.065981865,0.25429556,-0.21482384,-0.41277838,1.621609977324263,Amin
0.65531266,-0.27452803,-0.1494883,0.037852373,0.14062892,0.04893254,-0.19868109,0.050039522,-0.09531016,0.43248925,-0.35256687,-0.2946808,1.621609977324263,Amin
0.3821347,0.03125816,-0.14479575,-0.29223984,0.45974687,-0.11476711,-0.032676224,-0.14536719,-0.032751553,0.5178033,-0.4431808,-0.1851645,2.4489795918367347,Amin
0.24405815,0.011480653,-0.08627247,-0.25539804,0.41975796,-0.17045836,-0.01018059,-0.009052725,-0.20348749,0.59110063,-0.5208383,-0.010709447,2.4489795918367347,Amin
0.37602484,-0.028402291,-0.24126124,-0.12149372,0.59054255,-0.5138747,0.16525094,-0.03568574,-0.026966672,0.24043947,-0.24142545,-0.16314803,2.038004535147392,Amin
0.37897488,-0.17474046,0.01545283,-0.15903194,0.32993263,-0.33869988,0.28978893,-0.13185942,-0.24333358,0.53086776,-0.3216999,-0.17565182,1.76,Amin
0.59699875,-0.5672201,0.3048935,-0.14301188,0.11458096,-0.08582608,0.04642081,-0.0040557687,-0.12172606,0.28370947,-0.20109358,-0.22366999,1.079002267573696,Amin
0.29036918,-0.021859134,-0.11036974,-0.18675165,0.4137479,-0.17420979,-0.19254483,0.32571796,-0.40235913,0.4996653,-0.30576265,-0.13564335,1.0079818594104308,Amin
0.7253168,-0.42924094,-0.042813238,0.0399928,0.16327444,-0.0979367,-0.032979224,-0.015969392,-0.036791172,0.2890568,-0.22680913,-0.33510107,1.04,Amin
0.1363248,-0.039164744,0.05791609,-0.23020065,0.3507826,-0.3839848,0.36198094,-0.1295392,-0.31181163,0.55070853,-0.3208553,-0.042156786,1.9680045351473923,Amin
0.33332184,-0.33266595,0.025146207,-0.13766016,0.48567647,-0.38881797,-0.011569755,0.119510256,-0.046946183,0.26513776,-0.49927106,0.18813847,1.8960090702947845,Amin
0.49709168,-0.41512743,0.027174348,0.034088556,0.22474976,-0.211641,-0.16741979,0.4178139,-0.36603037,0.29431665,-0.21249665,-0.122519605,0.9929931972789116,Amin
0.6366966,-0.24567693,-0.13205704,-0.04618671,0.27691534,-0.08688592,-0.15183143,0.12827763,-0.18087709,0.41232207,-0.27578655,-0.33490986,1.014013605442177,Amin
0.49887127,-0.26899782,0.111070044,-0.31575587,0.47001812,-0.31835178,0.15972675,-0.12061017,-0.047269855,0.29927802,-0.1946118,-0.2733669,0.8050113378684808,Amin
-0.14958504,0.047120176,-0.016172122,-0.22672561,0.4168081,-0.24129361,-0.026732558,0.0654177,-0.09268744,0.360371,-0.58740145,0.4508809,2.5309977324263038,Amin
0.43925,0.036438275,-0.031606197,-0.26437858,0.13981585,0.103373915,0.16086802,-0.4391227,0.028727572,0.4642441,-0.13676988,-0.50084025,1.4839909297052154,Amin
0.14543705,0.2445755,-0.22704904,-0.2506957,0.23227793,0.25512728,-0.21870539,-0.2575097,0.13828486,0.49817,-0.55143183,-0.008480987,1.579002267573696,Amin
0.13640948,0.052115697,0.23697767,-0.50092393,0.22864147,0.048189566,0.14354116,-0.22662687,-0.24798176,0.60743845,-0.25332147,-0.22445942,1.5329931972789115,Amin
-0.27747405,0.089625955,0.06651265,-0.30936238,0.4405492,-0.12752877,-0.37352365,0.46227276,-0.16271569,0.039514538,-0.24926102,0.40139043,1.5560090702947846,Amin
0.15483606,0.15236317,-0.08594065,-0.3129498,0.38515088,-0.12181831,0.034872238,-0.038039934,-0.29207084,0.644948,-0.40980163,-0.11154913,2.229002267573696,Amin
0.07384686,-0.15038125,-0.043906387,-0.02892688,0.2925212,-0.1831055,-0.2582053,0.4605275,-0.3455859,0.35083997,-0.4805164,0.31289208,1.5560090702947846,Amin
0.1737462,0.06772823,-0.22328763,0.07420705,0.104961954,-0.09764716,-0.01949152,0.21216726,-0.4979338,0.6540314,-0.40815824,-0.040323637,2.9560090702947845,Amin
0.20399082,0.13592906,-0.21873061,-0.1283997,0.3277692,-0.18044609,0.06417934,-0.0043316553,-0.3116062,0.6505903,-0.45092964,-0.08801466,2.1139909297052153,Amin
0.43532065,-0.06324999,-0.09360225,-0.12437923,0.17982014,-0.0067855753,0.0183836,-0.07960685,-0.26435673,0.6653585,-0.39764455,-0.26925766,1.480997732426304,Amin
0.3607611,-0.42588633,0.36034343,-0.41915327,0.43759027,-0.20603596,-0.040267196,0.03981394,-0.030029362,0.22487967,-0.3070742,0.005057862,2.9719954648526077,Amin
0.13587342,0.13429935,-0.05799347,-0.21145254,0.1681457,0.0035451702,0.07811104,-0.08005874,-0.36848828,0.73810977,-0.4252736,-0.11481784,5.899002267573696,Amin
0.11394692,0.17833506,-0.025802072,-0.23320404,0.13645892,-6.558221E-4,0.12304873,-0.05627089,-0.4543123,0.7259976,-0.27570623,-0.23183586,2.926984126984127,Amin
0.35343385,-0.15789644,-0.09206472,-0.019766064,0.070469745,0.10006008,-0.018031735,-0.2747814,0.098573856,0.5244288,-0.67624384,0.09181794,3.0170068027210886,Amin
0.46766338,-0.029206531,-0.15043445,-0.22007683,0.3476784,-0.028213363,-0.030088985,-0.2193488,0.033061642,0.51737326,-0.47257328,-0.21583438,3.0239909297052154,Amin
-0.035053454,0.23419686,0.11738515,-0.25590068,0.025299735,-0.0040035592,0.13072549,0.16688454,-0.59400785,0.34173408,0.34949073,-0.47675118,0.3550113378684807,Amin
0.5227309,0.052019116,-0.29749018,-0.16404802,0.32791966,0.19402446,-0.44131348,0.03128647,0.1345521,0.24562986,-0.2475092,-0.35780156,0.4150113378684807,Amin
0.21496658,0.18974483,-0.21095265,-0.24974804,0.43418345,-0.12503217,-0.11038454,0.12368673,-0.32566926,0.57625246,-0.31969285,-0.19735447,0.3380045351473923,Amin
0.2057719,0.13585933,-0.25001433,-0.22218205,0.59767294,-0.3631788,-0.007977252,0.07305356,-0.15896192,0.41579533,-0.36122978,-0.06460895,1.54,Amin
0.26237574,-0.04552206,-0.095539935,-0.24016345,0.50708824,-0.3304888,0.16438039,-0.2438031,0.09232657,0.38356873,-0.5015652,0.047342874,1.4660090702947846,Amin
-0.2678293,0.117354825,0.45186025,-0.44707572,-0.023172108,0.07805138,0.20984308,-0.12114149,-0.10486458,-0.1845747,0.568585,-0.27703658,0.326984126984127,Amin
0.13084605,-0.25831094,0.542125,-0.42549238,0.00638225,0.16354924,-0.05474759,0.03709247,-0.033293273,-0.22314465,0.47733942,-0.36234567,0.33700680272108846,Amin
-0.13178572,-0.34216374,0.58846146,-0.044825554,-0.4243523,0.1019333,0.27384734,0.029449629,-0.4328369,0.21962428,0.113924675,0.04872358,0.30700680272108843,Amin
0.40139714,-0.090267636,-0.099885345,-0.19676273,0.3921086,-0.15741603,-0.032958444,-0.014161086,-0.16208531,0.5630396,-0.4978824,-0.10512641,1.783968253968254,Amin
0.20039664,-0.08351623,-0.092483096,-0.16011119,0.48235145,-0.25982773,-0.26153216,0.4365299,-0.32610357,0.34438363,-0.35842258,0.07833493,4.108390022675737,Amin
0.28307024,-0.0186854,-0.124488525,-0.251554,0.5806863,-0.2855188,-0.234659,0.3668501,-0.27192947,0.30203035,-0.23383746,-0.111964315,1.8516780045351473,Amin
0.05069124,0.024707792,0.03336385,-0.41896343,0.6288961,-0.27586433,-0.21185367,0.3082877,-0.19214772,0.24764101,-0.31118923,0.116430655,2.2420408163265306,Amin
0.050655447,0.025110858,0.03283323,-0.4188895,0.62930095,-0.27618995,-0.21178639,0.30809268,-0.19171411,0.24729136,-0.31103387,0.11632925,2.3405215419501135,Amin
0.10372592,0.17930041,-0.21103092,-0.24997239,0.53487307,-0.22882809,-0.1705717,0.23160575,-0.24965174,0.441369,-0.41316554,0.032346256,4.257369614512472,Amin
0.10347717,0.17963766,-0.21110734,-0.25015664,0.535033,-0.22886403,-0.17052211,0.23150781,-0.24957947,0.44125286,-0.41295257,0.032273572,1.853015873015873,Amin
0.09891742,-0.086215794,-0.051793814,-0.17234088,0.47070986,-0.2820744,-0.16495457,0.28377306,-0.19905786,0.3601351,-0.54034775,0.28324956,4.175442176870749,Amin
0.37457272,-0.4201413,0.13829036,-0.12085493,0.33019233,-0.1769812,-0.30343246,0.48352745,-0.28037545,0.19264366,-0.25681642,0.039375152,1.8098412698412698,Amin
0.32089534,-0.25693697,-0.0671474,-0.025531441,0.31075847,-0.17759159,-0.18404613,0.25047588,-0.21165353,0.44164002,-0.57522434,0.17436172,2.186417233560091,Amin
0.30858555,0.07159837,-0.23484585,-0.2951698,0.6809124,-0.3072765,-0.13336109,0.03866582,0.058538478,0.24072684,-0.33016503,-0.098209195,2.1829931972789116,Amin
0.43795848,-0.031743377,-0.12524606,-0.26805755,0.4869499,-0.1941998,-0.042677686,-0.009430137,-0.13686855,0.48610654,-0.3570185,-0.24577321,1.5961451247165532,Amin
0.29445577,0.06948432,-0.10676618,-0.29901475,0.43876362,-0.1553076,8.299816E-4,-0.027496567,-0.22764921,0.58973336,-0.39845982,-0.17857303,2.105895691609977,Amin
0.21009006,0.2086561,-0.17608993,-0.25915074,0.33421066,-0.05797334,0.017543502,-0.07573024,-0.26972124,0.6570533,-0.38160574,-0.20728241,3.963514739229025,Amin
0.4012819,-0.1575651,-0.09092168,-0.077305734,0.25742322,-0.09147724,-0.11666281,0.1526221,-0.3117057,0.59538877,-0.47967738,-0.08140042,4.0738321995464855,Amin
0.5910468,-0.1947875,-0.1418684,-0.1314204,0.4177561,-0.16920112,-0.16146044,0.14306808,-0.14561689,0.37017375,-0.27240202,-0.30528793,2.171904761904762,Amin
0.22511429,-0.020791616,-0.110083975,-0.2825214,0.6154691,-0.31160682,-0.1676946,0.23510695,-0.1688196,0.3400559,-0.39016315,0.03593493,1.6667120181405897,Amin
0.5598041,-0.21563928,-0.1221751,-0.14353652,0.42687625,-0.1880533,-0.08759849,0.002037725,-0.037926774,0.40846586,-0.42296028,-0.17929411,3.999795918367347,Amin
0.33505806,0.08303984,-0.228848,-0.23926273,0.5112127,-0.18929902,-0.07691428,-0.016733428,-0.084743254,0.48691437,-0.45625558,-0.12416866,1.6509750566893424,Amin
0.33529282,0.08047227,-0.23048648,-0.23729384,0.51258373,-0.18869784,-0.0796513,-0.017955033,-0.085633084,0.48946896,-0.45128766,-0.12681264,3.9817233560090703,Amin
0.42177418,-0.030176051,-0.10652318,-0.2000336,0.3137754,-0.08382107,9.3723583E-4,-0.053487338,-0.22995575,0.620209,-0.40032902,-0.2523696,2.074671201814059,Amin
0.12888454,0.20794722,-0.18314174,-0.27003312,0.41892678,-0.13169885,-0.011686235,-0.036277648,-0.20812608,0.6015368,-0.48280877,-0.033522826,3.963469387755102,Amin
0.53093064,-0.20476875,-0.09256119,-0.067960575,0.22151904,-0.06546964,-0.030198704,-0.0426891,-0.15611224,0.5677127,-0.47540885,-0.18499339,1.855374149659864,Amin
0.3605792,-0.08124125,-0.07007971,-0.11208312,0.17919369,-0.03159494,0.019323777,-0.057923343,-0.2602689,0.6803537,-0.51604617,-0.110213004,1.384716553287982,Amin
0.43894023,-0.031697806,-0.12721193,-0.2678387,0.48637435,-0.19109163,-0.043408077,-0.011946694,-0.13579929,0.48683703,-0.35613164,-0.2470259,1.8595691609977325,Amin
0.37531608,0.10817779,-0.2108454,-0.23059212,0.39945093,-0.09811668,-0.033728097,-0.063217476,-0.18414398,0.57874095,-0.34468082,-0.2963613,3.7737868480725623,Amin
0.40188196,-0.0910676,-0.10075883,-0.1960704,0.392114,-0.1564559,-0.033613246,-0.015094065,-0.16221116,0.56386125,-0.4964918,-0.10609433,1.8202721088435374,Amin
0.40181687,-0.09094002,-0.10075267,-0.19608745,0.39198047,-0.15633869,-0.033542305,-0.0151549345,-0.16236512,0.5640319,-0.49643898,-0.10620915,3.7734240362811793,Amin
0.40161932,-0.09091095,-0.10073103,-0.19616793,0.39217195,-0.1564934,-0.033576623,-0.015076831,-0.16228755,0.56393427,-0.4965787,-0.10590239,1.8200907029478457,Amin
0.21066757,0.21008603,-0.17537144,-0.2603507,0.3330858,-0.057472516,0.01889387,-0.07566253,-0.26875636,0.65576893,-0.38426113,-0.20662749,3.7243083900226757,Amin
0.22460021,0.2249094,-0.20213036,-0.29059488,0.41988313,-0.106642276,-0.006648367,-0.058775622,-0.22154783,0.59639907,-0.35985947,-0.21959315,1.3353514739229024,Amin
0.5192153,-0.121665865,-0.1014055,-0.0964249,0.17780781,-0.009294051,0.001277686,-0.07679534,-0.21587338,0.61064905,-0.37990925,-0.30758142,1.7622448979591836,Amin
0.5581663,-0.1325786,-0.1244376,-0.16068661,0.34773764,-0.113120645,-0.042657536,-0.0387223,-0.13284434,0.50359756,-0.34841138,-0.31604254,1.7831065759637188,Amin
0.43865892,-0.03259042,-0.12744074,-0.26716217,0.48721105,-0.19181941,-0.044269007,-0.011649414,-0.13608941,0.48706105,-0.3545172,-0.2473933,3.7403174603174603,Amin
0.55929416,-0.13123469,-0.1427634,-0.22075309,0.50366515,-0.2105112,-0.08558798,7.758596E-4,-0.02876539,0.34663197,-0.28990158,-0.30084983,1.3306349206349206,Amin
0.37486556,0.11183568,-0.20720798,-0.23358849,0.39846277,-0.10147469,-0.029933894,-0.059747133,-0.18436433,0.5763152,-0.35162914,-0.29353353,1.3261224489795918,Amin
0.22316946,0.2188509,-0.2037612,-0.28480574,0.42202872,-0.108841784,-0.011490607,-0.057936892,-0.22629942,0.60220546,-0.350308,-0.22281088,1.6016553287981858,Amin
0.24007736,0.20640087,-0.20283079,-0.20745932,0.26700476,-0.0077576153,0.01476731,-0.09826413,-0.27564663,0.67973566,-0.36541432,-0.25061318,3.5584580498866214,Amin
0.34860337,0.026092224,-0.109685205,-0.2649006,0.41119432,-0.14164086,-0.006593928,-0.03224425,-0.22428562,0.5970161,-0.3925898,-0.21096586,3.6697052154195013,Amin
0.3998949,0.07025457,-0.2430232,-0.21198864,0.49958402,-0.17347293,-0.17174721,0.1570816,-0.21519282,0.443639,-0.26891714,-0.28611213,1.7140136054421768,Amin
0.40024728,0.07010937,-0.24316241,-0.21183486,0.49954617,-0.17341863,-0.17182748,0.15701349,-0.21495225,0.4434309,-0.26878938,-0.28636226,1.7130385487528346,Amin
0.51064116,-0.10378341,-0.115395695,-0.20744441,0.47150224,-0.22156675,-0.1419308,0.22561973,-0.24758229,0.3269762,-0.11079072,-0.3862453,1.7476190476190476,Amin
0.42026767,0.14086069,-0.22915904,-0.27603403,0.4873964,-0.16392061,-0.040004753,-0.018851664,-0.14664696,0.40096286,-0.11289427,-0.46197626,1.7536961451247166,Amin
0.51746273,-0.09515265,-0.13376136,-0.22745997,0.46900105,-0.18567634,-0.061242532,-0.011592819,-0.09557551,0.44120163,-0.33052677,-0.28667742,3.676734693877551,Amin
0.34980312,-0.05713658,-0.033151418,-0.23921317,0.37549827,-0.19995968,0.044833668,0.047264297,-0.33475456,0.59767586,-0.34551594,-0.20534398,1.6098412698412699,Amin
0.57050246,-0.14619273,-0.1221045,-0.13196912,0.2934073,-0.077580206,-0.034657326,-0.052846923,-0.14512113,0.5235976,-0.3512815,-0.32575387,3.603469387755102,Amin
0.5158228,-0.09407392,-0.13197993,-0.22271965,0.45520163,-0.17694838,-0.05707524,-0.01522808,-0.10622299,0.4571065,-0.33644634,-0.28743634,3.592199546485261,Amin
0.5159071,-0.09416662,-0.1320488,-0.22294375,0.45595345,-0.17747469,-0.057315383,-0.014990652,-0.10568564,0.45627907,-0.33610982,-0.28740436,3.5863492063492064,Amin
0.5028685,-0.031504918,-0.07768837,-0.25859517,0.40922156,-0.19206119,0.014525795,0.038653065,-0.21245079,0.30390447,0.072682105,-0.56955504,2.834965986394558,Amin
0.5404514,-0.08049445,-0.10785296,-0.2483406,0.34909835,0.029044613,-0.16982703,-0.047251754,-0.06876374,0.48640475,-0.34962115,-0.33284748,1.4487301587301586,Amin
0.42217514,-0.035442345,-0.10514116,-0.1887846,0.29647067,-0.074203014,0.0024609813,-0.056643166,-0.23777296,0.63014185,-0.39808807,-0.2551733,2.7641043083900225,Amin
0.51761824,-0.060450584,-0.078309715,-0.23616989,0.40848544,-0.20065154,9.714625E-4,0.042698946,-0.2098688,0.32501212,0.043806456,-0.5531421,2.7482086167800452,Amin
0.37052804,-0.18459612,0.23418525,-0.3612685,0.2571134,-0.1742731,0.35255888,-0.36982417,-0.06582598,0.37410957,-0.06172395,-0.3709834,1.1407936507936507,Amin
0.36991587,-0.2114126,0.14520212,-0.39758766,0.5368885,-0.3373013,0.18887144,-0.26630056,0.16190153,0.18138851,-0.22151102,-0.15005498,1.765124716553288,Amin
0.41560936,-0.043317508,-0.097745545,-0.17877379,0.29484516,-0.08650136,-7.104223E-4,-0.046345122,-0.24967131,0.63827133,-0.3904641,-0.2551967,1.9074149659863946,Amin
0.19940737,-0.18187778,0.1462601,-0.34518158,0.47531176,-0.22963104,-0.13122098,0.2565998,-0.2769104,0.40615225,-0.41675815,0.097848624,2.271950113378685,Amin
0.09868492,-0.08647435,-0.051728953,-0.17184262,0.47099718,-0.2827017,-0.1654994,0.2840638,-0.19967236,0.36099985,-0.53924584,0.28241953,1.7463945578231292,Amin
0.42067966,-0.163532,-0.11552898,-0.16410622,0.4856929,-0.23778056,-0.18031988,0.22170934,-0.1848933,0.40431014,-0.424827,-0.061404098,1.5926530612244898,Amin
0.67422813,-0.28328696,-0.13057081,-0.016850678,0.25400293,-0.08089611,-0.14933316,0.10439848,-0.13463609,0.3688736,-0.24910718,-0.35682228,2.0795918367346937,Amin
0.4217488,-0.1662164,-0.120375164,-0.16154437,0.48806658,-0.23439851,-0.18434392,0.21604307,-0.18481928,0.40969333,-0.416627,-0.06722724,2.0690929705215417,Amin
0.40044692,-0.15797697,-0.09077891,-0.076680355,0.25812742,-0.0925884,-0.11753456,0.15341702,-0.31248358,0.59593433,-0.47804892,-0.08183395,1.559002267573696,Amin
0.39989856,-0.15598427,-0.08597254,-0.078135006,0.25414512,-0.09486413,-0.113528304,0.15874119,-0.313269,0.5917118,-0.48628253,-0.07646091,1.592562358276644,Amin
0.451528,-0.08292962,-0.14065404,-0.24607433,0.56507057,-0.25698102,-0.16202873,0.17822742,-0.14851883,0.34226024,-0.27637774,-0.22352202,2.0640816326530613,Amin
0.6852252,-0.2613049,-0.12213104,-0.04480992,0.24281642,-0.070499234,-0.0671896,-0.04199015,-0.052781932,0.38931206,-0.27776504,-0.37888184,1.3432199546485262,Amin
0.60501325,-0.170078,-0.13690181,-0.16437706,0.41018686,-0.15543534,-0.07393574,-0.019747527,-0.05547419,0.39525065,-0.30303246,-0.3314687,1.7545351473922903,Amin
0.5259249,-0.2026022,-0.1300161,-0.20234066,0.57972383,-0.29668,-0.13031937,0.05429577,0.080386296,0.20320731,-0.33234537,-0.14923435,1.750612244897959,Amin
0.63774806,-0.21147126,-0.14296505,-0.15896839,0.46642324,-0.20392883,-0.108286895,0.007851636,0.038250986,0.24791665,-0.235897,-0.33667317,3.7106802721088434,Amin
0.5547954,-0.1807718,-0.12697145,-0.09508446,0.32271218,-0.113837235,-0.1551562,0.17417109,-0.25381696,0.46982428,-0.30699885,-0.28886598,3.58702947845805,Amin
0.49611655,-0.12428902,-0.13428643,-0.18710604,0.47633186,-0.20823996,-0.16300273,0.18599387,-0.20154311,0.40497535,-0.29308406,-0.2518663,1.219342403628118,Amin
0.68914974,-0.13587238,-0.27667585,0.083788104,0.13287675,0.0027185788,-0.08056343,-0.048025824,-0.050812867,0.32868332,-0.1254251,-0.51984096,1.2292290249433107,Amin
0.46159545,-0.11453986,-0.14273831,-0.23992716,0.61541027,-0.30483025,-0.19851518,0.21947674,-0.07347336,0.2023914,-0.20841473,-0.21643497,3.5890929705215417,Amin
0.6829105,-0.29638422,-0.13834319,-0.027813308,0.31288043,-0.12153007,-0.19232367,0.1682715,-0.099660784,0.2708488,-0.21439518,-0.3444608,2.4816780045351474,Amin
0.65568715,-0.22535934,-0.13372417,-0.110709265,0.3583512,-0.13517748,-0.08280688,-0.021192532,-0.032064173,0.36048794,-0.27480426,-0.35868812,3.2322902494331065,Amin
0.6293981,-0.23373213,-0.13167518,-0.05444518,0.27585113,-0.08248284,-0.14638619,0.12538086,-0.18874072,0.4254672,-0.2883642,-0.33027083,1.8777551020408163,Amin
0.4002668,-0.08932316,-0.09713297,-0.19758688,0.39046556,-0.1592373,-0.030428177,-0.011878544,-0.16269298,0.561511,-0.5023516,-0.101611614,4.161859410430839,Amin
0.33502167,0.08276623,-0.22887334,-0.23940562,0.5117396,-0.18953352,-0.07715262,-0.016683877,-0.08435402,0.48648283,-0.45612937,-0.123877995,4.110975056689343,Amin
0.5078587,-0.4021863,-0.08602999,0.039372053,0.33825105,-0.21308486,-0.2397746,0.26810908,-0.045712367,0.2222892,-0.4729187,0.08382662,4.134671201814059,Amin
0.39945665,-0.09187817,-0.120106086,-0.26458514,0.5794355,-0.27852196,-0.08699304,0.036608256,-0.038999412,0.37347275,-0.42031083,-0.08757861,3.84312925170068,Amin
0.39933273,-0.09167902,-0.12014242,-0.2648072,0.579759,-0.27869663,-0.08703167,0.03667104,-0.038874734,0.3731637,-0.42001033,-0.087684534,1.394671201814059,Amin
0.3988259,-0.09247101,-0.120463245,-0.2639763,0.5803934,-0.2791145,-0.08798072,0.036691472,-0.039645236,0.37427887,-0.4181887,-0.088349864,1.870748299319728,Amin
0.39988396,-0.09106041,-0.12024364,-0.2656308,0.57957536,-0.27809182,-0.086390264,0.03631902,-0.037954442,0.37199882,-0.4210796,-0.087326154,1.870748299319728,Amin
0.49698216,-0.30802712,-0.097667255,-0.10296406,0.487779,-0.2807419,-0.13731717,0.0674716,0.09714502,0.22541068,-0.48595518,0.037884235,1.8933560090702948,Amin
0.5258725,-0.20439774,-0.13190873,-0.20056075,0.58030677,-0.29542962,-0.13229279,0.05293688,0.07951033,0.20573783,-0.3292599,-0.15051495,3.806077097505669,Amin
0.5317016,-0.20314494,-0.09269951,-0.069716245,0.22101271,-0.06405503,-0.028917018,-0.043631226,-0.15449564,0.5661912,-0.47801784,-0.18422805,1.755079365079365,Amin
0.22000022,-0.14433214,0.09122867,-0.43931264,0.65945816,-0.2970071,-0.097202525,-0.033794217,0.2244569,0.06211452,-0.35877103,0.113161266,1.7090702947845804,Amin
0.52551615,-0.20189479,-0.12783703,-0.20337597,0.5793182,-0.29890227,-0.12861529,0.056580417,0.08126126,0.20001796,-0.335549,-0.14651977,1.7701587301587303,Amin
0.40371412,-0.08967925,-0.103277765,-0.1984431,0.39465308,-0.15461393,-0.03417203,-0.017333277,-0.15936047,0.56172615,-0.49517402,-0.10803957,1.7896825396825398,Amin
0.47770408,-0.0707449,-0.11852592,-0.20233779,0.3751686,-0.12669595,-0.028283704,-0.035468217,-0.17742199,0.5543882,-0.37030134,-0.27748114,1.7924489795918368,Amin
0.40081796,-0.08990714,-0.12130325,-0.2667695,0.57963514,-0.27633724,-0.085997716,0.034840625,-0.037342947,0.37177923,-0.4206389,-0.08877629,1.3449433106575963,Amin
0.13132992,-0.020179182,-0.07425039,-0.28653687,0.5867976,-0.31709573,-0.071851626,0.07275487,-0.039521024,0.34276322,-0.52801985,0.20380911,3.7208843537414964,Amin
0.13064824,0.2020538,-0.20547,-0.34195945,0.6220634,-0.26213527,-0.07169696,0.01780231,-0.07512869,0.39812493,-0.3966834,-0.0176188,1.2702721088435374,Amin
0.2499316,0.04401613,-0.09178719,-0.38439134,0.6713325,-0.34553754,-0.042613313,0.08105189,-0.10886372,0.31615058,-0.27640867,-0.11288103,1.3445804988662131,Amin
0.13220087,-0.018882915,-0.07453732,-0.28799596,0.5862595,-0.3156869,-0.070771396,0.07191342,-0.037586953,0.3405731,-0.53000087,0.20451547,1.733310657596372,Amin
0.29877126,-0.1551898,-0.09235296,-0.23254144,0.63109285,-0.36300984,-0.12921984,0.099255465,0.09147638,0.17699307,-0.4583123,0.13303714,1.7575736961451247,Amin
0.57775885,-0.16287674,-0.14670478,-0.21476981,0.5468607,-0.24932042,-0.113479875,0.023670837,0.04571408,0.22572573,-0.23093133,-0.30164725,3.6653968253968254,Amin
0.48242053,-0.08859334,-0.14364602,-0.2809757,0.62086433,-0.29215136,-0.10750047,0.039073735,0.02635972,0.23447956,-0.24045794,-0.24987306,3.729954648526077,Amin
0.3963995,-0.09198593,-0.115057744,-0.2642204,0.57945234,-0.2854655,-0.08544253,0.042618982,-0.041447468,0.37156782,-0.42198792,-0.08443116,1.324126984126984,Amin
0.6031438,-0.32605964,-0.23717074,0.11349897,0.36797473,-0.33442554,0.005236335,-0.06526439,0.24546923,0.063473865,-0.37598845,-0.059888203,1.2977777777777777,Amin
0.2924389,-0.08838276,-0.097945444,-0.26896313,0.6178235,-0.33318302,-0.098031014,0.07439112,-0.01473492,0.3221944,-0.45833015,0.052722514,1.624671201814059,Amin
